Prospectus Type,Document Type,Consideration offered,Approval or filing date,Home Member State,Securities Type,Issuer(s) Name / LEI,ISIN,Last Update Date,National Document ID
Standalone Prospectus,Securities note,40000000,11/04/2025,MALTA,Debt with denomination < €100.000,JD CAPITAL PLC - 391200C8XW0F6K1ROJ82,MT0001831248,11/04/2025,SECJDC04
Standalone Prospectus,Securities note,15000000,28/03/2025,MALTA,Debt with denomination < €100.000,GPH MALTA FINANCE P.L.C. - 2138001JPU17DTYN3W62,MT0002731215,28/03/2025,GPHSEC05
Standalone Prospectus,Securities note,35000000,20/02/2025,MALTA,Debt with denomination < €100.000,INTERNATIONAL HOTEL INVESTMENTS P.L.C. - 529900LVB0R279MUX376,MT0000111352,20/02/2025,IHISEC12
Standalone Prospectus,Securities note,7000000,14/02/2025,MALTA,Debt with denomination < €100.000,Best Deal Properties Holding plc - 485100A1WBOSGJKWHT04,MT0002121235,14/02/2025,SECBDPH14
Standalone Prospectus,Standalone prospectus,12500000,07/01/2025,MALTA,Debt with denomination < €100.000,TOGETHER GAMING SOLUTIONS P.L.C - 391200ZXMFIXKTPMGB12,MT0002261213,08/01/2025,CALATGA03
Standalone Prospectus,Securities note,50000000,02/12/2024,MALTA,Debt with denomination < €100.000,Excel Finance PLC - 4851006MHW6MF338XM23,MT0002851203,03/12/2024,EXCSEC01
Standalone Prospectus,Securities note,12000000,01/11/2024,MALTA,Debt with denomination < €100.000,TUM FINANCE PLC - 391200AARLHFDIZ6BB11,MT0002271212,01/11/2024,TUMSEC03
Standalone Prospectus,Securities note,10344420,31/10/2024,MALTA,Shares,COMPUTIME HOLDINGS P.L.C. - 213800CEKQI53PNR8169,MT0002840107,31/10/2024,CMT_SECN_12
Base Prospectus,Base prospectus without Final terms,250000000,11/10/2024,MALTA,Debt with denomination < €100.000,BANK OF VALLETTA P.L.C. - 529900RWC8ZYB066JF16,,11/10/2024,RFCL-BOVBPWO003
Base Prospectus,"Final terms, including the  summary of the individual issue annexed to them",Max 100000000,11/10/2024,MALTA,Debt with denomination < €100.000,BANK OF VALLETTA P.L.C. - 529900RWC8ZYB066JF16,MT0000021361,11/11/2024,RFCL-BOVBPWO003
Standalone Prospectus,Securities note,10000000,04/10/2024,MALTA,Debt with denomination < €100.000,VBL plc - 485100EOK8ED6FMU4R55,MT0002551217,07/10/2024,VBLSEC10
Base Prospectus,"Final terms, including the  summary of the individual issue annexed to them",Max 9000000,25/09/2024,MALTA,Debt with denomination < €100.000,AGORA ESTATES P.L.C. - 254900PHXY1Y2G1ITE65,MT0002781210,26/09/2024,AGRBASE04
Standalone Prospectus,Securities note,20000000,25/07/2024,MALTA,Debt with denomination < €100.000,MERCURY PROJECTS FINANCE P.L.C. - 391200HPXPO29NMJCF40,MT0002191238,25/07/2024,MERSEC06
Standalone Prospectus,Securities note,23000000,28/06/2024,MALTA,Debt with denomination < €100.000,HAL MANN VELLA GROUP P.L.C. - 21380032UJDLSDYKD103,MT0000811217,28/06/2024,HMNSEC02
Standalone Prospectus,Securities note,80000000,03/06/2024,MALTA,Debt with denomination < €100.000,HILI FINANCE COMPANY P.L.C. - 635400IXTH7KQA5JFG84,MT0001891234,05/06/2024,HILSEC06
Base Prospectus,"Final terms, including the  summary of the individual issue annexed to them",Max 6100000,17/05/2024,MALTA,Debt with denomination ≥ €100.000,UNITED FINANCE P.L.C. - 529900PZWCDY8SRY5C30,MT0000131251,17/05/2024,UTDBASE03III
Base Prospectus,"Final terms, including the  summary of the individual issue annexed to them",Max 1500000,17/05/2024,MALTA,Debt with denomination ≥ €100.000,JUEL Group p.l.c. - 485100T71HGPIVIIF136,MT0002741222,20/05/2024,JUELBASE04
Base Prospectus,"Final terms, including the  summary of the individual issue annexed to them",Max 3500000,08/04/2024,MALTA,Debt with denomination ≥ €100.000,JUEL Group p.l.c. - 485100T71HGPIVIIF136,MT0002741214,08/04/2024,JUELBASE03
Standalone Prospectus,Securities note,16000000,28/03/2024,MALTA,Debt with denomination < €100.000,BURMARRAD COMMERCIALS PROPERTY LIMITED - 98450090A83C3F590A19,MT0002801208,28/03/2024,BURSEC02
Standalone Prospectus,Securities note,15000000,22/03/2024,MALTA,Debt with denomination < €100.000,Best Deal Properties Holding plc - 485100A1WBOSGJKWHT04,MT0002121227,25/03/2024,SECBDPH10
Standalone Prospectus,Securities note,32912903,14/02/2024,MALTA,Shares,MALITA INVESTMENTS P.L.C. - 213800NMXCAAV2SVPG27,MT2000610003,14/02/2024,MLT_SECN_4
Base Prospectus,"Final terms, including the  summary of the individual issue annexed to them",Max 12000000,12/02/2024,MALTA,Debt with denomination < €100.000,AGORA ESTATES P.L.C. - 254900PHXY1Y2G1ITE65,MT0002781202,19/02/2024,AGRBASE03
Standalone Prospectus,Securities note,50000000,08/02/2024,MALTA,Debt with denomination < €100.000,Phoenicia Finance Company Plc - 48510060W3SVW3G7SD47,MT0002081215,08/02/2024,PHN_SECN_12
Standalone Prospectus,Securities note,15000000,19/12/2023,MALTA,Debt with denomination < €100.000,Orion Finance plc - 4851007XV4IDI8IC5U98,MT0001521211,20/12/2023,SECCAM03
Standalone Prospectus,Securities note,5000000,12/12/2023,MALTA,Debt with denomination < €100.000,JD CAPITAL PLC - 391200C8XW0F6K1ROJ82,MT0001831230,14/12/2023,SECJDC02
Standalone Prospectus,Securities note,Max 7000000,29/11/2023,MALTA,Debt with denomination < €100.000,Endo Finance plc - 391200IVU1ZKPAC1UF82,MT0002141225,30/11/2023,SECEND02
Standalone Prospectus,Securities note,12000000,08/11/2023,MALTA,Debt with denomination < €100.000,Plan Group p.l.c. - 4851009X887E3QPTGP81,MT0002771203,13/11/2023,SECPLN04
Base Prospectus,"Final terms, including the  summary of the individual issue annexed to them",Max 50000000,24/10/2023,MALTA,Debt with denomination < €100.000,APS BANK P.L.C. - 213800A1O379I6DMCU10,MT0002501212,09/11/2023,RFCL-APSBPWO0007
Base Prospectus,Base prospectus without Final terms,150000000,24/10/2023,MALTA,Debt with denomination < €100.000,APS BANK P.L.C. - 213800A1O379I6DMCU10,,24/10/2023,RFCL-APSBPWO0007
Standalone Prospectus,Securities note,60000000,26/09/2023,MALTA,Debt with denomination < €100.000,INTERNATIONAL HOTEL INVESTMENTS P.L.C. - 529900LVB0R279MUX376,MT0000111345,27/09/2023,IHISEC10
Standalone Prospectus,Securities note,40000000,26/09/2023,MALTA,Debt with denomination < €100.000,AX GROUP P.L.C. - 213800ZQHNATYCTNN592,MT0002361229,27/09/2023,AXSEC02
Standalone Prospectus,Securities note,Max 46371249,20/09/2023,MALTA,Shares,LOMBARD BANK MALTA P.L.C. - 529900UIRB65OY6U4B21,MT0000040106,22/09/2023,RFCL-LMBPSECN01
Base Prospectus,"Final terms, including the  summary of the individual issue annexed to them",Max 2800000,28/08/2023,MALTA,Debt with denomination < €100.000,UNITED FINANCE P.L.C. - 529900PZWCDY8SRY5C30,MT0000131236,30/08/2023,UTDBASE03II
Standalone Prospectus,Securities note,5000000,22/08/2023,MALTA,Debt with denomination < €100.000,VON DER HEYDEN GROUP FINANCE P.L.C. - 391200IXSTHAHKXMJL91,MT0001401224,23/08/2023,VDRSEC03
Standalone Prospectus,Securities note,25000000,20/07/2023,MALTA,Debt with denomination < €100.000,CLEARFLOWPLUS LIMITED - 9845001FE9M574159235,MT0002751205,21/07/2023,SECWSC02
Base Prospectus,"Final terms, including the  summary of the individual issue annexed to them",Max 1100000,20/07/2023,MALTA,Debt with denomination < €100.000,UNITED FINANCE P.L.C. - 529900PZWCDY8SRY5C30,MT0000131236,26/07/2023,UTDBASE03
Base Prospectus,"Final terms, including the  summary of the individual issue annexed to them",Max 11000000,16/06/2023,MALTA,Debt with denomination < €100.000,JD CAPITAL PLC - 391200C8XW0F6K1ROJ82,MT0001831222,19/06/2023,JDFT03
Standalone Prospectus,Securities note,32000000,06/06/2023,MALTA,Debt with denomination < €100.000,JUEL Group p.l.c. - 485100T71HGPIVIIF136,MT0002741206,12/06/2023,SECJUEL02
Standalone Prospectus,Securities note,5000000,01/06/2023,MALTA,Debt with denomination < €100.000,The ONA PLC - 48510040FDCT4Q97XG85,MT0002661214,08/06/2023,SECONA06
Standalone Prospectus,Securities note,20000000,01/06/2023,MALTA,Debt with denomination < €100.000,MEDITERRANEAN INVESTMENTS HOLDING P.L.C. - 213800BEHWHFJ6UYZR18,MT0000371311,01/06/2023,SECMIH01
Standalone Prospectus,Securities note,8500000,20/04/2023,MALTA,Debt with denomination < €100.000,AST GROUP P.L.C. - 485100EV94B5FY2A0332,MT0001701219,21/04/2023,SECAST01
Standalone Prospectus,Securities note,25000000,01/02/2023,MALTA,Debt with denomination < €100.000,GPH MALTA FINANCE P.L.C. - 2138001JPU17DTYN3W62,MT0002731207,03/02/2023,GPHSEC03
Base Prospectus,"Final terms, including the  summary of the individual issue annexed to them",,30/01/2023,MALTA,Debt with denomination < €100.000,BONNICI BROS. PROPERTIES LTD - 39120041FIVTCO6S5195,MT0002721208,01/02/2023,BBPBASE01
Standalone Prospectus,Securities note,7469000,25/01/2023,MALTA,Shares,THE CONVENIENCE SHOP (HOLDING) PLC - 39120041M1XJOU1F0771,MT0002200112,30/01/2023,CHSSEC02
Standalone Prospectus,Standalone prospectus,25000000,20/12/2022,MALTA,Debt with denomination < €100.000,MALLARD PROPERTIES LIMITED - 391200SNNWDJ65NMUQ05,MT0002711209,21/12/2022,QPHCALA02-QPHREG02-QPHSEC02-QPHSUM02
Standalone Prospectus,Securities note,23000000,05/12/2022,MALTA,Debt with denomination < €100.000,GAP GROUP PLC - 213800NHMAPF7JZ8CO50,MT0001231241,07/12/2022,GAPSEC02
Standalone Prospectus,Securities note,17000000,05/12/2022,MALTA,Debt with denomination < €100.000,PHARMACARE FINANCE PLC - 3912000DA1RYUCTZQQ72,MT0002011212,15/12/2022,PHCSEC05
Standalone Prospectus,Securities note,30000000,28/11/2022,MALTA,Debt with denomination < €100.000,CF Estates Finance p.l.c. - 391200TP055LTCBL9P32,MT0002701200,30/11/2022,CFESEC03
Standalone Prospectus,Securities note,44000000,21/11/2022,MALTA,Debt with denomination < €100.000,Mariner Finance plc - 485100UWC0VRB3D40532,MT0000271222,22/11/2022,MFFSEC05
Standalone Prospectus,Securities note,15000000,09/11/2022,MALTA,Debt with denomination < €100.000,Best Deal Properties Holding plc - 485100A1WBOSGJKWHT04,MT0002121219,10/11/2022,BDPHSEC01
Standalone Prospectus,Securities note,13000000,09/11/2022,MALTA,Debt with denomination < €100.000,MEDSERVREGIS P.L.C - 2138003WBERIMWQVKZ64,MT0000311259,10/11/2022,RFCL-MDSSECN01
Standalone Prospectus,Securities note,35000000,10/10/2022,MALTA,Debt with denomination < €100.000,VON DER HEYDEN GROUP FINANCE P.L.C. - 391200IXSTHAHKXMJL91,MT0001401216,10/10/2022,VDRSEC04
Base Prospectus,Base prospectus without Final terms,Max 25000000,03/10/2022,MALTA,Debt with denomination < €100.000,JD CAPITAL PLC - 391200C8XW0F6K1ROJ82,MT0001831214,05/10/2022,JDDBASE02
Base Prospectus,"Final terms, including the  summary of the individual issue annexed to them",Max 14000000,03/10/2022,MALTA,Debt with denomination < €100.000,JD CAPITAL PLC - 391200C8XW0F6K1ROJ82,MT0001831214,05/10/2022,JDFT02
Standalone Prospectus,Standalone prospectus,50020000,25/07/2022,MALTA,Shares,Merkanti Holding plc - 485100XW28XWM45YPV18,MT0002290113,25/07/2022,CP-MKH5-IPO
Standalone Prospectus,Securities note,7500000,22/07/2022,MALTA,Debt with denomination < €100.000,Smartcare Finance p.l.c. - 391200VICFPFLUX5BL94,MT0002251222,22/07/2022,SMFSEC02
Standalone Prospectus,Securities note,14000000,22/07/2022,MALTA,Debt with denomination < €100.000,IZOLA BANK P.L.C. - 2138003IGGAUDLPNC244,MT0000531229,22/07/2022,RFCL-IZLSECN01
Standalone Prospectus,Standalone prospectus,20000000,28/06/2022,MALTA,Debt with denomination < €100.000,BNF Bank plc - 549300TEJKOLFN65KR76,MT0002581206,28/06/2022,CALABNF4.5%UnsecSubordinatedBonds2907l2032
Base Prospectus,"Final terms, including the  summary of the individual issue annexed to them",,01/06/2022,MALTA,Debt with denomination < €100.000,Malta Properties Company Plc - 213800CA296B6BI7MG51,MT0000991217,02/06/2022,RFCL-MPCBPWO01
Standalone Prospectus,Securities note,16000000,31/05/2022,MALTA,Debt with denomination < €100.000,The ONA Limited - 48510040FDCT4Q97XG85,MT0002661206,31/05/2022,ONASEC02
Standalone Prospectus,Securities note,30000000,31/05/2022,MALTA,Debt with denomination < €100.000,MEDITERRANEAN INVESTMENTS HOLDING P.L.C. - 213800BEHWHFJ6UYZR18,MT0000371303,31/05/2022,MIHSEC01
Standalone Prospectus,Standalone prospectus,68200000,24/05/2022,MALTA,Shares,APS BANK P.L.C. - 213800A1O379I6DMCU10,MT0002500115,25/05/2022,RFCL-APSSTDA01
Standalone Prospectus,Securities note,12500000,25/03/2022,MALTA,Debt with denomination < €100.000,G3 Finance Limited - 485100UR3YCHCUPRSD15,MT0002641208,25/03/2022,RFCL-G3SECN02
Standalone Prospectus,Securities note,30000000,22/03/2022,MALTA,Debt with denomination < €100.000,IZI Finance plc - 485100W7KB2YAMBF9C63,MT0002631209,23/03/2022,RFCL-IZISECN02
Standalone Prospectus,Securities note,50000000,22/03/2022,MALTA,Debt with denomination < €100.000,MERCURY PROJECTS FINANCE P.L.C. - 391200HPXPO29NMJCF40,MT0002191220,23/03/2022,MERSEC03
Base Prospectus,"Final terms, including the  summary of the individual issue annexed to them",,03/03/2022,MALTA,Debt with denomination < €100.000,FERRATUM BANK P.L.C. - 213800SGT5S6EKUW2987,MT0000911215,04/03/2022,CALA-FERRFTWS01
Base Prospectus,Base prospectus without Final terms,40000000,03/03/2022,MALTA,Debt with denomination < €100.000,FERRATUM BANK P.L.C. - 213800SGT5S6EKUW2987,MT0000911215,03/03/2022,CALA-FERRBPWO01
Standalone Prospectus,Securities note,2000000,22/02/2022,MALTA,Debt with denomination ≥ €100.000,AGOTZAINA SL - 959800F30H2VNQ0J8Z75,MT0002621200,11/03/2022,AGOSEC05
Standalone Prospectus,Securities note,50000000,27/01/2022,MALTA,Debt with denomination < €100.000,Hili Finance Company plc - 635400IXTH7KQA5JFG84,MT0001891226,03/02/2022,HLFSEC04
Standalone Prospectus,Standalone prospectus,8316000,25/01/2022,MALTA,Shares,M&Z (MARKETING) LIMITED - 213800OT9DDNXDV8DP69,MT0002610005,26/01/2022,RFCL-MZPROS02
Standalone Prospectus,Securities note,15500000,06/12/2021,MALTA,Debt with denomination < €100.000,ST. ANTHONY CO. P.L.C. - 391200NB9MLRM4HFQ976,MT0002591205,06/12/2021,STASEC03
Standalone Prospectus,Securities note,21000000,06/12/2021,MALTA,Debt with denomination < €100.000,GAP GROUP PLC - 213800NHMAPF7JZ8CO50,MT0001231233,07/12/2021,GAPSEC03
Standalone Prospectus,Securities note,30000000,06/12/2021,MALTA,Shares,AX Real Estate plc - 485100D7B8FYJ8Q4CR24,MT0002570100,19/01/2022,AXSEC03
Standalone Prospectus,Securities note,40000000,06/12/2021,MALTA,Debt with denomination < €100.000,AX Real Estate plc - 485100D7B8FYJ8Q4CR24,MT0002571215,19/01/2022,AXSEC03
Standalone Prospectus,Securities note,80000000,28/10/2021,MALTA,Debt with denomination < €100.000,INTERNATIONAL HOTEL INVESTMENTS P.L.C. - 529900LVB0R279MUX376,MT0000111337,29/10/2021,IHISEC04
Standalone Prospectus,Securities note,50000000,25/10/2021,MALTA,Shares,Hili Properties p.l.c. - 635400RXTO5QHJ78MD90,MT0000940107,26/10/2021,HILISEC01
Standalone Prospectus,Standalone prospectus,7800000,30/09/2021,MALTA,Debt with denomination < €100.000,Dino Fino Finance P.L.C. - 98450067AEE47RA70431,MT0002561208,22/11/2021,DINOCALA03
Standalone Prospectus,Securities note,100,24/09/2021,MALTA,Debt with denomination < €100.000,MIZZI ORGANISATION FINANCE PLC - 485100SI6M5QXXM0OH23,MT0000211228,22/10/2021,RFCL-MOFSECN01
Standalone Prospectus,Securities note,21000000,24/09/2021,MALTA,Debt with denomination < €100.000,Central Business Centres plc - 485100OXBTV88TUBKA79,MT0000881236,27/09/2021,CBCSEC02
Standalone Prospectus,Securities note,20000000.16,23/07/2021,MALTA,Shares,VBL plc - 485100EOK8ED6FMU4R55,MT0002550102,26/07/2021,RFCL-VBLSECN01
Standalone Prospectus,Securities note,13000000,10/06/2021,MALTA,Debt with denomination < €100.000,BROWN'S PHARMA HOLDINGS LTD - 391200EUISAEF39QR618,MT0002521202,11/06/2021,BRNSEC06
Standalone Prospectus,Securities note,100,25/05/2021,MALTA,Debt with denomination < €100.000,GO P.L.C. - 213800V8BKIBDZ1U5X47,MT0000091216,28/01/2022,RFCL-GOSECN01
Standalone Prospectus,Standalone prospectus,100,06/05/2021,MALTA,Debt with denomination < €100.000,LIFESTAR INSURANCE P.L.C. - 213800RJG2OCEN9KIW48,MT0002531201,07/05/2021,CP-LSI-SubordinatedBond
Standalone Prospectus,Standalone prospectus,10000000,04/05/2021,MALTA,Shares,LIFESTAR INSURANCE P.L.C. - 213800RJG2OCEN9KIW48,MT0000170119,06/05/2021,CP-LSI-IPO
Standalone Prospectus,Securities note,13000000,19/02/2021,MALTA,Debt with denomination < €100.000,Smartcare Finance p.l.c. - 391200VICFPFLUX5BL94,MT0002251214,23/02/2021,SMFSECN03
Standalone Prospectus,Securities note,49999950,19/02/2021,MALTA,Shares,RS2 SOFTWARE P.L.C. - 2138004MEYJUDFJ3IQ49,MT0000400219,29/03/2022,RS2SECN04
Standalone Prospectus,Securities note,,20/11/2020,MALTA,Debt with denomination < €100.000,Gap Group p.l.c. - 213800NHMAPF7JZ8CO50,,23/11/2020,PR202008-MT-SECN
Standalone Prospectus,Standalone prospectus,,02/11/2020,MALTA,Debt with denomination < €100.000,APS Bank plc - 213800A1O379I6DMCU10,,04/11/2020,PR202007
Standalone Prospectus,Securities note,,18/09/2020,MALTA,Debt with denomination < €100.000,Mediterranean Investments Holding plc - 213800BEHWHFJ6UYZR18,,18/09/2020,PR202006-MT-SECN
Standalone Prospectus,Securities note,,21/07/2020,MALTA,Debt with denomination < €100.000,Cablenet Communication Systems plc - 485100BNI0SXTXYK9465,,21/07/2020,PR202004-MT-SECN
Standalone Prospectus,Standalone prospectus,,21/07/2020,MALTA,Debt with denomination ≥ €100.000,D Foods Finance p.l.c. - 485100QEA16AFT5IIK83,,22/07/2020,PR202005
Standalone Prospectus,Securities note,,01/07/2020,MALTA,Debt with denomination < €100.000,Mediterranean Investments Holding plc - 213800BEHWHFJ6UYZR18,,02/07/2020,PR202003-MT-SECN
Standalone Prospectus,Securities note,,18/06/2020,MALTA,Debt with denomination < €100.000,Shoreline Mall p.l.c. - 391200FQG1FQ0DT1US42,,19/06/2020,PR202002-MT-SECN
Standalone Prospectus,Securities note,,18/06/2020,MALTA,Debt with denomination < €100.000,Shoreline Mall p.l.c. - 391200FQG1FQ0DT1US42,,19/06/2020,PR202002-MT-SECN
Standalone Prospectus,Securities note,,10/03/2020,MALTA,Debt with denomination ≥ €100.000,Hom Re Limited - 21380087BRFAG9GDG481,,23/03/2020,PR202001-MT-SECN
Standalone Prospectus,Securities note,,22/11/2019,MALTA,Debt with denomination < €100.000,AX Group p.l.c. - 213800ZQHNATYCTNN592,,29/11/2019,PR201920-MT-SECN
Standalone Prospectus,Securities note,,18/11/2019,MALTA,Shares,Harvest Technology p.l.c. - 485100HPFI9Y5INXA193,,29/11/2019,PR201919-MT-SECN
Standalone Prospectus,Standalone prospectus,,07/10/2019,MALTA,Shares,Trident Estates p.l.c. - 635400OFBLZGT1KLUV50,,10/10/2019,PR201917
Standalone Prospectus,Securities note,,07/10/2019,MALTA,Debt with denomination < €100.000,MeDirect Bank (Malta) plc - 529900SYUCFQHI3JZQ05,,11/10/2019,PR201918-MT-SECN
Standalone Prospectus,Securities note,,18/07/2019,MALTA,Debt with denomination < €100.000,Hili Finance Company p.l.c. -  ,,30/07/2019,PR201914-MT-SECN
Standalone Prospectus,Securities note,,18/07/2019,MALTA,Debt with denomination < €100.000,Stivala Group Finance p.l.c. -  ,,30/07/2019,PR201915-MT-SECN
Standalone Prospectus,Standalone prospectus,,18/07/2019,MALTA,Debt with denomination < €100.000,Merkanti Holding p.l.c -  ,,30/07/2019,PR201916
Standalone Prospectus,Standalone prospectus,,21/06/2019,MALTA,Debt with denomination < €100.000,Together Gaming Solutions p.l.c. -  ,,30/07/2019,PR201913
Standalone Prospectus,Securities note,,03/06/2019,MALTA,Debt with denomination < €100.000,Bank of Valletta plc -  ,,30/07/2019,PR201911-MT-SECN
Standalone Prospectus,Securities note,,03/06/2019,MALTA,Debt with denomination < €100.000,Tum Finance plc -  ,,07/08/2019,PR201912-MT-SECN
Standalone Prospectus,Securities note,,08/04/2019,MALTA,Debt with denomination < €100.000,SP Finance plc -  ,,30/07/2019,PR201910-MT-SECN
Standalone Prospectus,Securities note,,06/03/2019,MALTA,Debt with denomination < €100.000,ENDO Finance plc -  ,,30/07/2019,PR201909-MT-SECN
Standalone Prospectus,Securities note,,04/03/2019,MALTA,Debt with denomination < €100.000,Gap Group plc -  ,,30/07/2019,PR201904-MT-SECN
Standalone Prospectus,Securities note,,04/03/2019,MALTA,Debt with denomination < €100.000,International Hotel Investments plc -  ,,30/07/2019,PR201905-MT-SECN
Standalone Prospectus,Standalone prospectus,,04/03/2019,MALTA,Debt with denomination ≥ €100.000,Mercury Projects Finance plc -  ,,07/03/2019,PR201906
Standalone Prospectus,Securities note,,04/03/2019,MALTA,Debt with denomination < €100.000,Mercury Projects Finance plc -  ,,30/07/2019,PR201907-MT-SECN
Base Prospectus,Base prospectus without Final terms,,23/01/2019,MALTA,ABS,G2G Plc -  ,,28/01/2019,PR201902
Base Prospectus,Base prospectus without Final terms,,23/01/2019,MALTA,ABS,Axion Securitisation SCC Plc -  ,,28/01/2019,PR201903
Standalone Prospectus,Securities note,,07/01/2019,MALTA,Shares,BMIT Technologies plc -  ,,09/01/2019,PR201901-MT-SECN
Standalone Prospectus,Securities note,,03/12/2018,MALTA,Debt with denomination < €100.000,Best Deal Properties Holding plc -  ,,30/07/2019,PR201817-MT-SECN
Standalone Prospectus,Securities note,,15/11/2018,MALTA,Debt with denomination < €100.000,Phoenicia Finance Company Plc -  ,,27/11/2018,PR201816-MT-SECN
Standalone Prospectus,Securities note,,12/11/2018,MALTA,Debt with denomination < €100.000,Melite Finance Plc -  ,,15/11/2018,PR201814-MT-SECN
Base Prospectus,Base prospectus without Final terms,,02/11/2018,MALTA,ABS,ARN High Yield 1 Cell (A segregated cell of Axion Securitisation SCC Plc) -  ,,23/11/2018,PR201815
Standalone Prospectus,Securities note,,03/09/2018,MALTA,Debt with denomination ≥ €100.000,VERA EMPTIO GMBH -  ,,13/09/2018,PR201812-MT-SECN
Standalone Prospectus,Securities note,,03/09/2018,MALTA,Debt with denomination ≥ €100.000,VERA EMPTIO GMBH -  ,,13/09/2018,PR201813-MT-SECN
Standalone Prospectus,Securities note,,31/08/2018,MALTA,Debt with denomination ≥ €100.000,TRUE SALE GMBH -  ,,13/09/2018,PR201810-MT-SECN
Standalone Prospectus,Securities note,,31/08/2018,MALTA,Debt with denomination ≥ €100.000,TRUE SALE GMBH -  ,,13/09/2018,PR201811-MT-SECN
Standalone Prospectus,Securities note,,31/07/2018,MALTA,Debt with denomination < €100.000,Exalco Finance Plc -  ,,07/08/2018,201809-MT-SECN
Standalone Prospectus,Securities note,,31/07/2018,MALTA,Debt with denomination < €100.000,Exalco Finance Plc -  ,,13/08/2018,PR201809-MT-SECN
Standalone Prospectus,Standalone prospectus,,10/07/2018,MALTA,Derivative securities,Palladium Plc -  ,,12/07/2018,PR201807
Standalone Prospectus,Securities note,,04/07/2018,MALTA,Debt with denomination < €100.000,Hili Finance Company Plc -  ,,17/07/2018,PR201808-MT-SECN
Standalone Prospectus,Securities note,,25/05/2018,MALTA,Debt with denomination ≥ €100.000,TURUN TELAKKAKIINTEISTÖT OY -  ,,31/05/2018,PR201806-MT-SECN
Standalone Prospectus,Securities note,,25/05/2018,MALTA,Debt with denomination ≥ €100.000,Turku Marine Industry Holding OY -  ,,31/05/2018,PR201805-MT-SECN
Standalone Prospectus,Securities note,,26/04/2018,MALTA,Debt with denomination ≥ €100.000,MRP Maritime Risk Protection GmbH -  ,,31/05/2018,PR201804-MT-SECN
Standalone Prospectus,Securities note,,23/04/2018,MALTA,Shares,Main Street Complex Plc -  ,,27/04/2018,PR201803-MT-SECN
Standalone Prospectus,Standalone prospectus,,23/03/2018,MALTA,Shares,FIMBank plc -  ,,28/03/2018,PR201801
Standalone Prospectus,Securities note,,23/03/2018,MALTA,Debt with denomination < €100.000,Hudson Malta Plc -  ,,28/03/2018,PR201802-MT-SECN
Base Prospectus,Base prospectus without Final terms,,18/12/2017,MALTA,ABS,HELIX SCC PLC -  ,,19/12/2017,PR201722
Standalone Prospectus,Securities note,,18/12/2017,MALTA,Shares,Trident Estates Plc -  ,,28/03/2018,PR201723-MT-SECN
Base Prospectus,Base prospectus without Final terms,,01/12/2017,MALTA,ABS,Arkadia Securitisation SCC Limited - Sixth Millenium Cell -  ,,19/12/2017,PR201721
Standalone Prospectus,Securities note,,30/10/2017,MALTA,Debt with denomination < €100.000,Virtu Finance Plc -  ,,03/11/2017,PR201718-MT-SECN
Standalone Prospectus,Securities note,,30/10/2017,MALTA,Debt with denomination < €100.000,Bortex Group Finance Plc -  ,,03/11/2017,PR201719-MT-SECN
Standalone Prospectus,Securities note,,30/10/2017,MALTA,Shares,Bank of Valletta Plc -  ,,03/11/2017,PR201720-MT-SECN
Base Prospectus,Base prospectus without Final terms,,06/10/2017,MALTA,ABS,Innovation Financial Solutions (IFS) Plc -  ,,25/10/2017,PR201717
Standalone Prospectus,Securities note,,25/09/2017,MALTA,Debt with denomination < €100.000,Stivala Group Finance Plc -  ,,02/10/2017,PR201715-MT-SECN
Standalone Prospectus,Securities note,,25/09/2017,MALTA,Debt with denomination < €100.000,Mediterranean Bank Plc -  ,,02/10/2017,PR201716-MT-SECN
Base Prospectus,Base prospectus without Final terms,,25/08/2017,MALTA,ABS,PCAM Issuance III S.A. -  ,,28/08/2017,PR201714
Standalone Prospectus,Securities note,,31/07/2017,MALTA,Debt with denomination < €100.000,Simonds Farsons Cisk Plc -  ,,18/08/2017,PR201713-MT-SECN
Standalone Prospectus,Securities note,,26/06/2017,MALTA,Debt with denomination < €100.000,Grand Harbour Marina p.l.c. -  ,,14/07/2017,PR201711-MT-SECN
Standalone Prospectus,Standalone prospectus,,23/06/2017,MALTA,Debt with denomination ≥ €100.000,Investar Plc -  ,,18/08/2017,PR201712
Standalone Prospectus,Securities note,,29/05/2017,MALTA,Debt with denomination < €100.000,Tumas Investments Plc -  ,,14/07/2017,PR201708-MT-SECN
Standalone Prospectus,Securities note,,29/05/2017,MALTA,Debt with denomination < €100.000,Mediterranean Investments Holdings Plc -  ,,14/07/2017,PR201709-MT-SECN
Base Prospectus,Base prospectus without Final terms,,29/05/2017,MALTA,Debt with denomination < €100.000,Central Business Centres Plc -  ,,14/07/2017,PR201710
Base Prospectus,Base prospectus without Final terms,,18/05/2017,MALTA,Debt with denomination ≥ €100.000,Mata Finance Plc -  ,,14/07/2017,PR201707
Standalone Prospectus,Securities note,,27/03/2017,MALTA,Debt with denomination < €100.000,SD Finance Plc -  ,,14/07/2017,PR201704-MT-SECN
Standalone Prospectus,Securities note,,27/03/2017,MALTA,Debt with denomination < €100.000,Eden Finance Plc -  ,,14/07/2017,PR201705-MT-SECN
Standalone Prospectus,Securities note,,27/03/2017,MALTA,Shares,PG Plc -  ,,14/07/2017,PR201706-MT-SECN
Standalone Prospectus,Standalone prospectus,,03/02/2017,MALTA,ABS,NPL SECURITISATION EUROPE SPV S.r.l. -  ,,14/07/2017,PR201703
Standalone Prospectus,Securities note,,31/01/2017,MALTA,Debt with denomination ≥ €100.000,Quasar Systems S.A. -  ,,14/07/2017,PR201702-MT-SECN
Standalone Prospectus,Securities note,,30/01/2017,MALTA,Debt with denomination < €100.000,Von Der Heyden Group Finance Plc -  ,,14/07/2017,PR201701-MT-SECN
Base Prospectus,Base prospectus without Final terms,,14/12/2016,MALTA,Debt with denomination ≥ €100.000,Ferratum Bank PLC -  ,,14/07/2017,PR201617
Standalone Prospectus,Securities note,,21/11/2016,MALTA,Debt with denomination < €100.000,International Hotel Investments Plc -  ,,14/07/2017,PR201616-MT-SECN
Base Prospectus,Base prospectus without Final terms,,01/11/2016,MALTA,Debt with denomination ≥ €100.000,Helix SCC plc -  ,,14/07/2017,PR201613
Standalone Prospectus,Securities note,,21/10/2016,MALTA,Debt with denomination < €100.000,Premier Capital Plc -  ,,14/07/2017,PR201615-MT-SECN
Base Prospectus,Base prospectus without Final terms,,18/10/2016,MALTA,Debt with denomination ≥ €100.000,London Capital & Finance plc -  ,,14/07/2017,PR201614
Standalone Prospectus,Securities note,,16/09/2016,MALTA,Debt with denomination < €100.000,Gap Group plc -  ,,14/07/2017,PR201611-MT-SECN
Standalone Prospectus,Securities note,,16/09/2016,MALTA,Debt with denomination < €100.000,Mediterranean Maritime Hub Finance Plc -  ,,25/07/2017,PR201610-MT-SECN
Standalone Prospectus,Securities note,,16/09/2016,MALTA,Debt with denomination < €100.000,Dizz Finance Plc -  ,,25/07/2017,PR201612-MT-SECN
Standalone Prospectus,Securities note,,11/08/2016,MALTA,Debt with denomination < €100.000,Plaza Centres p.l.c -  ,,14/07/2017,PR201609-MT-SECN
Standalone Prospectus,Securities note,,28/06/2016,MALTA,Debt with denomination < €100.000,MIDI plc -  ,,14/07/2017,PR201607-MT-SECN
Standalone Prospectus,Securities note,,28/06/2016,MALTA,Debt with denomination < €100.000,International Hotel Investments plc -  ,,14/07/2017,PR201608-MT-SECN
Standalone Prospectus,Standalone prospectus,,12/05/2016,MALTA,Debt with denomination < €100.000,GlobalCapital plc -  ,,14/07/2017,PR201606
Standalone Prospectus,Standalone prospectus,,27/04/2016,MALTA,ABS,Pantheon Securities SCC Plc -  ,,18/08/2017,PR201605
Standalone Prospectus,Securities note,,18/03/2016,MALTA,Debt with denomination < €100.000,Corinthia Finance p.l.c. -  ,,14/07/2017,PR201604-MT-SECN
Standalone Prospectus,Securities note,,04/03/2016,MALTA,Shares,GlobalCapital plc -  ,,14/07/2017,PR201603-MT-SECN
Base Prospectus,Base prospectus without Final terms,,16/02/2016,MALTA,Debt with denomination ≥ €100.000,Innovation Financial Solutions (IFS) plc -  ,,14/07/2017,PR201602
Standalone Prospectus,Standalone prospectus,,12/01/2016,MALTA,Debt with denomination ≥ €100.000,Investar Plc -  ,,14/07/2017,PR201601
Standalone Prospectus,Standalone prospectus,,21/12/2015,MALTA,Shares,Medserv p.l.c. -  ,,14/07/2017,PR201521
Standalone Prospectus,Securities note,,16/11/2015,MALTA,ABS,Commonwealth Securitisations plc -  ,,14/07/2017,PR201520-MT-SECN
Standalone Prospectus,Securities note,,09/11/2015,MALTA,ABS,Delta1 Securities p.l.c -  ,,14/07/2017,PR201519-MT-SECN
Standalone Prospectus,Securities note,,05/11/2015,MALTA,Debt with denomination < €100.000,Zammit Finance p.l.c. -  ,,14/07/2017,PR201518-MT-SECN
Standalone Prospectus,Securities note,,16/10/2015,MALTA,Debt with denomination ≥ €100.000,Malta Properties Company p.l.c. -  ,,03/03/2016,PR201514-MT-SECN
Base Prospectus,Base prospectus without Final terms,,16/10/2015,MALTA,Debt with denomination ≥ €100.000,Bank of Valletta p.l.c. -  ,,03/03/2016,PR201515
Standalone Prospectus,Securities note,,06/10/2015,MALTA,ABS,Delta1 Securities plc -  ,,03/03/2016,PR201513-MT-SECN
Standalone Prospectus,Securities note,,18/09/2015,MALTA,Debt with denomination < €100.000,Hili Properties Plc -  ,,05/10/2015,PR201512-MT-SECN
Standalone Prospectus,Securities note,,18/09/2015,MALTA,Debt with denomination < €100.000,Mediterranean Investments Holding p.l.c. -  ,,14/07/2017,PR201517-MT-SECN
Standalone Prospectus,Securities note,,29/07/2015,MALTA,ABS,Commonwealth Securitisations Plc -  ,,17/08/2015,PR201511-MT-SECN
Base Prospectus,Base prospectus without Final terms,,17/07/2015,MALTA,Debt with denomination < €100.000,Ferratum Bank Plc -  ,,28/07/2015,PR201510
Standalone Prospectus,Securities note,,08/07/2015,MALTA,Debt with denomination < €100.000,6PM Holdings plc -  ,,14/07/2017,PR201516-MT-SECN
Standalone Prospectus,Securities note,,01/07/2015,MALTA,Debt with denomination < €100.000,Mediterranean Investments Holding Plc -  ,,28/07/2015,PR201509-MT-SECN
Standalone Prospectus,Securities note,,27/05/2015,MALTA,Debt with denomination < €100.000,Quasar Systems SA -  ,,28/07/2015,PR201508-MT-SECN
Standalone Prospectus,Securities note,,18/05/2015,MALTA,Debt with denomination < €100.000,Izola Bank Plc -  ,,28/07/2015,PR201507-MT-SECN
Standalone Prospectus,Securities note,,28/04/2015,MALTA,ABS,ETI Securities Plc -  ,,28/07/2015,PR201506-MT-SECN
Standalone Prospectus,Securities note,,10/04/2015,MALTA,Debt with denomination < €100.000,International Hotel Investments Plc -  ,,28/07/2015,PR201505-MT-SECN
Standalone Prospectus,Securities note,,20/03/2015,MALTA,Debt with denomination < €100.000,42 Invest Plc -  ,,28/07/2015,PR201504-MT-SECN
Standalone Prospectus,Securities note,,18/03/2015,MALTA,Shares,Tigne' Mall Plc -  ,,05/10/2015,PR201302-MT-SECN
Standalone Prospectus,Securities note,,12/03/2015,MALTA,ABS,ETI Securities Plc -  ,,28/07/2015,PR201503-MT-SECN
Standalone Prospectus,Securities note,,09/02/2015,MALTA,ABS,Delta1 Securities Plc -  ,,10/08/2015,PR201502-MT-SECN
Standalone Prospectus,Securities note,,08/01/2015,MALTA,ABS,Delta1 Securities Plc -  ,,10/08/2015,PR201501-MT-SECN
Base Prospectus,Base prospectus without Final terms,,22/12/2014,MALTA,Debt with denomination < €100.000,Central Business Centres Plc -  ,,10/08/2015,PR201419
Base Prospectus,Base prospectus without Final terms,,26/11/2014,MALTA,ABS,Innovation Financial Solutions -  ,,10/08/2015,PR201418
Standalone Prospectus,Securities note,,03/11/2014,MALTA,Debt with denomination < €100.000,PTL Holdings Plc -  ,,10/08/2015,PR201416-MT-SECN
Standalone Prospectus,Securities note,,03/11/2014,MALTA,Debt with denomination < €100.000,Mediterranean Bank Plc -  ,,10/08/2015,PR201417-MT-SECN
Standalone Prospectus,Securities note,,13/10/2014,MALTA,ABS,Delta1 Securities Plc -  ,,10/08/2015,PR201415-MT-SECN
Standalone Prospectus,Securities note,,06/10/2014,MALTA,Shares,Santumas Shareholding Plc -  ,,05/08/2015,PR201412-MT-SECN
Standalone Prospectus,Securities note,,06/10/2014,MALTA,Debt with denomination < €100.000,United Finance Plc -  ,,10/08/2015,PR201413-MT-SECN
Standalone Prospectus,Securities note,,06/10/2014,MALTA,Debt with denomination < €100.000,Hal Mann Vella Group Plc -  ,,10/08/2015,PR201414-MT-SECN
Standalone Prospectus,Standalone prospectus,,18/09/2014,MALTA,Debt with denomination < €100.000,Schembri Finance Plc -  ,,05/08/2015,PR201411
Standalone Prospectus,Standalone prospectus,,09/09/2014,MALTA,Debt with denomination ≥ €100.000,Pefaco International Plc -  ,,05/08/2015,PR201410
Standalone Prospectus,Standalone prospectus,,16/07/2014,MALTA,Shares,Pefaco International Plc -  ,,29/07/2015,PR201409
Standalone Prospectus,Securities note,,07/07/2014,MALTA,Debt with denomination < €100.000,Tumas Investments Plc -  ,,29/07/2015,PR201408-MT-SECN
Standalone Prospectus,Securities note,,27/06/2014,MALTA,ABS,ETI Securities Plc -  ,,29/07/2015,PR201407-MT-SECN
Standalone Prospectus,Standalone prospectus,,02/06/2014,MALTA,Shares,FIMBank Plc -  ,,28/07/2015,PR201404
Standalone Prospectus,Securities note,,02/06/2014,MALTA,Debt with denomination < €100.000,Mariner Finance Plc -  ,,28/07/2015,PR201405-MT-SECN
Standalone Prospectus,Securities note,,02/06/2014,MALTA,Debt with denomination < €100.000,Mediterranean Investments Holding Plc -  ,,29/07/2015,PR201406-MT-SECN
Standalone Prospectus,Securities note,,05/05/2014,MALTA,Debt with denomination < €100.000,Pendergardens Developments Plc -  ,,28/07/2015,PR201402-MT-SECN
Standalone Prospectus,Securities note,,05/05/2014,MALTA,Debt with denomination < €100.000,Island Hotels Group Holdings Plc -  ,,28/07/2015,PR201403-MT-SECN
Standalone Prospectus,Securities note,,03/02/2014,MALTA,Debt with denomination < €100.000,AX Investments Plc -  ,,29/07/2015,PR201401-MT-SECN
Standalone Prospectus,Securities note,,18/10/2013,MALTA,Debt with denomination < €100.000,Gasan Finance Company Plc -  ,,05/10/2015,PR201305-MT-SECN
Standalone Prospectus,Securities note,,18/10/2013,MALTA,Debt with denomination < €100.000,International Hotel Investments Plc -  ,,05/10/2015,PR201306-MT-SECN
Base Prospectus,Base prospectus without Final terms,,12/08/2013,MALTA,Debt with denomination < €100.000,Medserv Plc -  ,,05/10/2015,PR201304
Standalone Prospectus,Securities note,,12/06/2013,MALTA,Debt with denomination < €100.000,Mediterranean Bank Plc -  ,,05/10/2015,PR201303-MT-SECN
Standalone Prospectus,Standalone prospectus,,06/02/2013,MALTA,Debt with denomination < €100.000,Pendergardens Developments Plc -  ,,17/08/2015,PR201301
