DSD_VIEW,GROUP,TIME_PERIOD,CMPT_DATE,VALID_TO,RTN_DATE,MTIME,PK,KEY,OBS_VALUE,CNFDT_NUM,OBS_COM,UNIT_INDEX_BASE,OBS_STATUS,CNFDT_COU,CNFDT_OBS
PROSP3_SEC,PROSP3.NUM_ISSUER.M.Y.Z.Z.Z.Z.Z.Z.Y.Z.Z.Z.Z.Z.Z.Z,2023-08,2025-05-11,,,2025-05-11T11:07:33.305826Z,609892858638,PROSP3.NUM_ISSUER.M.A6.Z.Z.Z.Z.Z.Z.A6.Z.Z.Z.Z.Z.Z.Z,240,,,Z,P,A6,PB_PB
PROSP3_SEC,PROSP3.NUM_ISSUER.M.Y.Z.Z.Z.Z.Z.Y.Y.Z.Z.Z.Z.Z.Z.Z,2025-04,2025-05-11,,,2025-05-11T19:37:38.486669Z,781688166954,PROSP3.NUM_ISSUER.M.A6.Z.Z.Z.Z.Z.E.A6.Z.Z.Z.Z.Z.Z.Z,34,,,Z,P,A6,PB_PB
PROSP3_SEC,PROSP3.NUM_ISSUER.M.Y.Z.Z.Z.Z.Z.Z.Y.Z.Z.Z.Z.Z.Z.Z,2021-04,2025-05-11,,,2025-05-11T11:07:33.305826Z,738744869646,PROSP3.NUM_ISSUER.M.A6.Z.Z.Z.Z.Z.Z.A6.Z.Z.Z.Z.Z.Z.Z,252,,,Z,P,A6,PB_PB
PROSP3_SEC,PROSP3.NUM_ISSUER.M.Y.Z.Z.Z.Z.Z.Z.Y.Z.Z.Z.Z.Z.Z.Z,2025-02,2025-05-11,,,2025-05-11T11:07:33.305826Z,661431501547,PROSP3.NUM_ISSUER.M.A6.Z.Z.Z.Z.Z.Z.ROW.Z.Z.Z.Z.Z.Z.Z,47,,,Z,P,A6,PB_PB
PROSP3_SEC,PROSP3.NUM_ISSUER.M.Y.Z.Z.Z.Z.Z.Y.Y.Z.Z.Z.Z.Z.Z.Z,2022-09,2025-05-11,,,2025-05-11T19:37:38.486669Z,1340037195276,PROSP3.NUM_ISSUER.M.A6.Z.Z.Z.Z.Z.E.A6.Z.Z.Z.Z.Z.Z.Z,56,,,Z,P,A6,PB_PB
PROSP3_SEC,PROSP3.NUM_ISSUER.M.Y.Z.Z.Z.Z.Z.Z.Y.Z.Z.Z.Z.Z.Z.Z,2021-10,2025-05-11,,,2025-05-11T11:07:33.305826Z,936307387896,PROSP3.NUM_ISSUER.M.A6.Z.Z.Z.Z.Z.Z.A6.Z.Z.Z.Z.Z.Z.Z,304,,,Z,P,A6,PB_PB
PROSP3_SEC,PROSP3.NUM_ISSUER.M.Y.Z.Z.Z.Z.Z.Z.Y.Z.Z.Z.Z.Z.Z.Z,2022-01,2025-05-11,,,2025-05-11T11:07:33.305826Z,1262724667031,PROSP3.NUM_ISSUER.M.A6.Z.Z.Z.Z.Z.Z.A6.Z.Z.Z.Z.Z.Z.Z,260,,,Z,P,A6,PB_PB
PROSP3_SEC,PROSP3.NUM_ISSUER.M.Y.Z.Z.Z.Z.Z.Y.Y.Z.Z.Z.Z.Z.Z.Z,2021-12,2025-05-11,,,2025-05-11T19:37:38.486669Z,197574335697,PROSP3.NUM_ISSUER.M.A6.Z.Z.Z.Z.Z.E.A6.Z.Z.Z.Z.Z.Z.Z,70,,,Z,P,A6,PB_PB
PROSP3_SEC,PROSP3.NUM_ISSUER.M.Y.Z.Z.Z.Z.Z.Z.Y.Z.Z.Z.Z.Z.Z.Z,2024-01,2025-05-11,,,2025-05-11T11:07:33.305826Z,652840076883,PROSP3.NUM_ISSUER.M.A6.Z.Z.Z.Z.Z.Z.ROW.Z.Z.Z.Z.Z.Z.Z,41,,,Z,P,A6,PB_PB
PROSP3_SEC,PROSP3.NUM_ISSUER.M.Y.Z.Z.Z.Z.Z.Y.Y.Z.Z.Z.Z.Z.Z.Z,2024-02,2025-05-11,,,2025-05-11T19:37:38.486669Z,678610979344,PROSP3.NUM_ISSUER.M.A6.Z.Z.Z.Z.Z.D.A6.Z.Z.Z.Z.Z.Z.Z,276,,,Z,P,A6,PB_PB
PROSP3_SEC,PROSP3.NUM_ISSUER.M.Y.Z.Z.Z.Z.Z.Y.Y.Z.Z.Z.Z.Z.Z.Z,2024-07,2025-05-11,,,2025-05-11T19:37:38.486669Z,34364650638,PROSP3.NUM_ISSUER.M.A6.Z.Z.Z.Z.Z.D.A6.Z.Z.Z.Z.Z.Z.Z,252,,,Z,P,A6,PB_PB
PROSP3_SEC,PROSP3.NUM_ISSUER.M.Y.Z.Z.Z.Z.Z.Z.Y.Z.Z.Z.Z.Z.Z.Z,2021-11,2025-05-11,,,2025-05-11T11:07:33.305826Z,429507702890,PROSP3.NUM_ISSUER.M.A6.Z.Z.Z.Z.Z.Z.ROW.Z.Z.Z.Z.Z.Z.Z,37,,,Z,P,A6,PB_PB
PROSP3_SEC,PROSP3.NUM_ISSUER.M.Y.Z.Z.Z.Z.Z.Y.Y.Z.Z.Z.Z.Z.Z.Z,2024-12,2025-05-11,,,2025-05-11T19:37:38.486669Z,652840014659,PROSP3.NUM_ISSUER.M.A6.Z.Z.Z.Z.Z.D.A6.Z.Z.Z.Z.Z.Z.Z,245,,,Z,P,A6,PB_PB
PROSP3_SEC,PROSP3.NUM_ISSUER.M.Y.Z.Z.Z.Z.Z.Z.Y.Z.Z.Z.Z.Z.Z.Z,2022-07,2025-05-11,,,2025-05-11T11:07:33.305826Z,1245550121141,PROSP3.NUM_ISSUER.M.A6.Z.Z.Z.Z.Z.Z.A6.Z.Z.Z.Z.Z.Z.Z,251,,,Z,P,A6,PB_PB
PROSP3_SEC,PROSP3.NUM_ISSUER.M.Y.Z.Z.Z.Z.Z.Z.Y.Z.Z.Z.Z.Z.Z.Z,2024-09,2025-05-11,,,2025-05-11T11:07:33.305826Z,1279905198704,PROSP3.NUM_ISSUER.M.A6.Z.Z.Z.Z.Z.Z.A6.Z.Z.Z.Z.Z.Z.Z,402,,,Z,P,A6,PB_PB
PROSP3_SEC,PROSP3.NUM_ISSUER.M.Y.Z.Z.Z.Z.Z.Z.Y.Z.Z.Z.Z.Z.Z.Z,2023-04,2025-05-11,,,2025-05-11T11:07:33.305826Z,377968128706,PROSP3.NUM_ISSUER.M.A6.Z.Z.Z.Z.Z.Z.A6.Z.Z.Z.Z.Z.Z.Z,267,,,Z,P,A6,PB_PB
PROSP3_SEC,PROSP3.NUM_ISSUER.M.Y.Z.Z.Z.Z.Z.Z.Y.Z.Z.Z.Z.Z.Z.Z,2025-05,2025-05-11,,,2025-05-11T11:07:33.305826Z,841821040700,PROSP3.NUM_ISSUER.M.A6.Z.Z.Z.Z.Z.Z.ROW.Z.Z.Z.Z.Z.Z.Z,26,,,Z,P,A6,PB_PB
PROSP3_SEC,PROSP3.NUM_ISSUER.M.Y.Z.Z.Z.Z.Z.Y.Y.Z.Z.Z.Z.Z.Z.Z,2025-04,2025-05-11,,,2025-05-11T19:37:38.486669Z,781688167211,PROSP3.NUM_ISSUER.M.A6.Z.Z.Z.Z.Z.D.A6.Z.Z.Z.Z.Z.Z.Z,234,,,Z,P,A6,PB_PB
PROSP3_SEC,PROSP3.NUM_ISSUER.M.Y.Z.Z.Z.Z.Z.Y.Y.Z.Z.Z.Z.Z.Z.Z,2025-06,2025-05-11,,,2025-05-11T19:37:38.486669Z,85905313051,PROSP3.NUM_ISSUER.M.A6.Z.Z.Z.Z.Z.D.A6.Z.Z.Z.Z.Z.Z.Z,2,,,Z,P,A6,PB_PB
PROSP3_SEC,PROSP3.NUM_ISSUER.M.Y.Z.Z.Z.Z.Z.Z.Y.Z.Z.Z.Z.Z.Z.Z,2023-01,2025-05-11,,,2025-05-11T11:07:33.305826Z,180394745237,PROSP3.NUM_ISSUER.M.A6.Z.Z.Z.Z.Z.Z.ROW.Z.Z.Z.Z.Z.Z.Z,35,,,Z,P,A6,PB_PB
PROSP3_SEC,PROSP3.NUM_ISSUER.M.Y.Z.Z.Z.Z.Z.Y.Y.Z.Z.Z.Z.Z.Z.Z,2024-11,2025-05-11,,,2025-05-11T19:37:38.486669Z,352191705081,PROSP3.NUM_ISSUER.M.A6.Z.Z.Z.Z.Z.D.A6.Z.Z.Z.Z.Z.Z.Z,292,,,Z,P,A6,PB_PB
PROSP3_SEC,PROSP3.NUM_ISSUER.M.Y.Z.Z.Z.Z.Z.Y.Y.Z.Z.Z.Z.Z.Z.Z,2022-01,2025-05-11,,,2025-05-11T19:37:38.486669Z,893360888429,PROSP3.NUM_ISSUER.M.A6.Z.Z.Z.Z.Z.D.A6.Z.Z.Z.Z.Z.Z.Z,221,,,Z,P,A6,PB_PB
PROSP3_SEC,PROSP3.NUM_ISSUER.M.Y.Z.Z.Z.Z.Z.Y.Y.Z.Z.Z.Z.Z.Z.Z,2022-07,2025-05-11,,,2025-05-11T19:37:38.486669Z,1005031211985,PROSP3.NUM_ISSUER.M.A6.Z.Z.Z.Z.Z.D.A6.Z.Z.Z.Z.Z.Z.Z,193,,,Z,P,A6,PB_PB
PROSP3_SEC,PROSP3.NUM_ISSUER.M.Y.Z.Z.Z.Z.Z.Y.Y.Z.Z.Z.Z.Z.Z.Z,2024-08,2025-05-11,,,2025-05-11T19:37:38.486669Z,901950216060,PROSP3.NUM_ISSUER.M.A6.Z.Z.Z.Z.Z.E.A6.Z.Z.Z.Z.Z.Z.Z,42,,,Z,P,A6,PB_PB
PROSP3_SEC,PROSP3.NUM_ISSUER.M.Y.Z.Z.Z.Z.Z.Y.Y.Z.Z.Z.Z.Z.Z.Z,2023-07,2025-05-11,,,2025-05-11T19:37:38.486669Z,1305673975145,PROSP3.NUM_ISSUER.M.A6.Z.Z.Z.Z.Z.D.A6.Z.Z.Z.Z.Z.Z.Z,207,,,Z,P,A6,PB_PB
PROSP3_SEC,PROSP3.NUM_ISSUER.M.Y.Z.Z.Z.Z.Z.Z.Y.Z.Z.Z.Z.Z.Z.Z,2022-04,2025-05-11,,,2025-05-11T11:07:33.305826Z,1185414081723,PROSP3.NUM_ISSUER.M.A6.Z.Z.Z.Z.Z.Z.A6.Z.Z.Z.Z.Z.Z.Z,271,,,Z,P,A6,PB_PB
PROSP3_SEC,PROSP3.NUM_ISSUER.M.Y.Z.Z.Z.Z.Z.Y.Y.Z.Z.Z.Z.Z.Z.Z,2023-08,2025-05-11,,,2025-05-11T19:37:38.486669Z,798869215612,PROSP3.NUM_ISSUER.M.A6.Z.Z.Z.Z.Z.E.A6.Z.Z.Z.Z.Z.Z.Z,37,,,Z,P,A6,PB_PB
PROSP3_SEC,PROSP3.NUM_ISSUER.M.Y.Z.Z.Z.Z.Z.Y.Y.Z.Z.Z.Z.Z.Z.Z,2024-07,2025-05-11,,,2025-05-11T19:37:38.486669Z,34364652496,PROSP3.NUM_ISSUER.M.A6.Z.Z.Z.Z.Z.E.A6.Z.Z.Z.Z.Z.Z.Z,47,,,Z,P,A6,PB_PB
PROSP3_SEC,PROSP3.NUM_ISSUER.M.Y.Z.Z.Z.Z.Z.Z.Y.Z.Z.Z.Z.Z.Z.Z,2022-11,2025-05-11,,,2025-05-11T11:07:33.305826Z,1142469366019,PROSP3.NUM_ISSUER.M.A6.Z.Z.Z.Z.Z.Z.A6.Z.Z.Z.Z.Z.Z.Z,347,,,Z,P,A6,PB_PB
PROSP3_SEC,PROSP3.NUM_ISSUER.M.Y.Z.Z.Z.Z.Z.Y.Y.Z.Z.Z.Z.Z.Z.Z,2025-01,2025-05-11,,,2025-05-11T19:37:38.486669Z,1013620714091,PROSP3.NUM_ISSUER.M.A6.Z.Z.Z.Z.Z.D.A6.Z.Z.Z.Z.Z.Z.Z,294,,,Z,P,A6,PB_PB
PROSP3_SEC,PROSP3.NUM_ISSUER.M.Y.Z.Z.Z.Z.Z.Z.Y.Z.Z.Z.Z.Z.Z.Z,2021-01,2025-05-11,,,2025-05-11T11:07:33.305826Z,1262724662550,PROSP3.NUM_ISSUER.M.A6.Z.Z.Z.Z.Z.Z.A6.Z.Z.Z.Z.Z.Z.Z,224,,,Z,P,A6,PB_PB
PROSP3_SEC,PROSP3.NUM_ISSUER.M.Y.Z.Z.Z.Z.Z.Y.Y.Z.Z.Z.Z.Z.Z.Z,2021-09,2025-05-11,,,2025-05-11T19:37:38.486669Z,987847121766,PROSP3.NUM_ISSUER.M.A6.Z.Z.Z.Z.Z.D.A6.Z.Z.Z.Z.Z.Z.Z,228,,,Z,P,A6,PB_PB
PROSP3_SEC,PROSP3.NUM_ISSUER.M.Y.Z.Z.Z.Z.Z.Y.Y.Z.Z.Z.Z.Z.Z.Z,2024-06,2025-05-11,,,2025-05-11T19:37:38.486669Z,429507574957,PROSP3.NUM_ISSUER.M.A6.Z.Z.Z.Z.Z.E.A6.Z.Z.Z.Z.Z.Z.Z,64,,,Z,P,A6,PB_PB
PROSP3_SEC,PROSP3.NUM_ISSUER.M.Y.Z.Z.Z.Z.Z.Y.Y.Z.Z.Z.Z.Z.Z.Z,2022-01,2025-05-11,,,2025-05-11T19:37:38.486669Z,893360887796,PROSP3.NUM_ISSUER.M.A6.Z.Z.Z.Z.Z.E.A6.Z.Z.Z.Z.Z.Z.Z,49,,,Z,P,A6,PB_PB
PROSP3_SEC,PROSP3.NUM_ISSUER.M.Y.Z.Z.Z.Z.Z.Z.Y.Z.Z.Z.Z.Z.Z.Z,2022-09,2025-05-11,,,2025-05-11T11:07:33.305826Z,730149736337,PROSP3.NUM_ISSUER.M.A6.Z.Z.Z.Z.Z.Z.ROW.Z.Z.Z.Z.Z.Z.Z,37,,,Z,P,A6,PB_PB
PROSP3_SEC,PROSP3.NUM_ISSUER.M.Y.Z.Z.Z.Z.Z.Y.Y.Z.Z.Z.Z.Z.Z.Z,2022-07,2025-05-11,,,2025-05-11T19:37:38.486669Z,1005031212949,PROSP3.NUM_ISSUER.M.A6.Z.Z.Z.Z.Z.E.A6.Z.Z.Z.Z.Z.Z.Z,47,,,Z,P,A6,PB_PB
PROSP3_SEC,PROSP3.NUM_ISSUER.M.Y.Z.Z.Z.Z.Z.Y.Y.Z.Z.Z.Z.Z.Z.Z,2024-03,2025-05-11,,,2025-05-11T19:37:38.486669Z,1262724543705,PROSP3.NUM_ISSUER.M.A6.Z.Z.Z.Z.Z.E.A6.Z.Z.Z.Z.Z.Z.Z,49,,,Z,P,A6,PB_PB
PROSP3_SEC,PROSP3.NUM_ISSUER.M.Y.Z.Z.Z.Z.Z.Z.Y.Z.Z.Z.Z.Z.Z.Z,2024-02,2025-05-11,,,2025-05-11T11:07:33.305826Z,309242640399,PROSP3.NUM_ISSUER.M.A6.Z.Z.Z.Z.Z.Z.ROW.Z.Z.Z.Z.Z.Z.Z,45,,,Z,P,A6,PB_PB
PROSP3_SEC,PROSP3.NUM_ISSUER.M.Y.Z.Z.Z.Z.Z.Z.Y.Z.Z.Z.Z.Z.Z.Z,2021-08,2025-05-11,,,2025-05-11T11:07:33.305826Z,893361063079,PROSP3.NUM_ISSUER.M.A6.Z.Z.Z.Z.Z.Z.ROW.Z.Z.Z.Z.Z.Z.Z,31,,,Z,P,A6,PB_PB
PROSP3_SEC,PROSP3.NUM_ISSUER.M.Y.Z.Z.Z.Z.Z.Y.Y.Z.Z.Z.Z.Z.Z.Z,2021-05,2025-05-11,,,2025-05-11T19:37:38.486669Z,137444706076,PROSP3.NUM_ISSUER.M.A6.Z.Z.Z.Z.Z.E.A6.Z.Z.Z.Z.Z.Z.Z,95,,,Z,P,A6,PB_PB
PROSP3_SEC,PROSP3.NUM_ISSUER.M.Y.Z.Z.Z.Z.Z.Y.Y.Z.Z.Z.Z.Z.Z.Z,2022-04,2025-05-11,,,2025-05-11T19:37:38.486669Z,747335239282,PROSP3.NUM_ISSUER.M.A6.Z.Z.Z.Z.Z.E.A6.Z.Z.Z.Z.Z.Z.Z,55,,,Z,P,A6,PB_PB
PROSP3_SEC,PROSP3.NUM_ISSUER.M.Y.Z.Z.Z.Z.Z.Z.Y.Z.Z.Z.Z.Z.Z.Z,2023-05,2025-05-11,,,2025-05-11T11:07:33.305826Z,884768081053,PROSP3.NUM_ISSUER.M.A6.Z.Z.Z.Z.Z.Z.ROW.Z.Z.Z.Z.Z.Z.Z,45,,,Z,P,A6,PB_PB
PROSP3_SEC,PROSP3.NUM_ISSUER.M.Y.Z.Z.Z.Z.Z.Z.Y.Z.Z.Z.Z.Z.Z.Z,2024-03,2025-05-11,,,2025-05-11T11:07:33.305826Z,1211186187048,PROSP3.NUM_ISSUER.M.A6.Z.Z.Z.Z.Z.Z.ROW.Z.Z.Z.Z.Z.Z.Z,52,,,Z,P,A6,PB_PB
PROSP3_SEC,PROSP3.NUM_ISSUER.M.Y.Z.Z.Z.Z.Z.Z.Y.Z.Z.Z.Z.Z.Z.Z,2025-01,2025-05-11,,,2025-05-11T11:07:33.305826Z,1142469373279,PROSP3.NUM_ISSUER.M.A6.Z.Z.Z.Z.Z.Z.ROW.Z.Z.Z.Z.Z.Z.Z,41,,,Z,P,A6,PB_PB
PROSP3_SEC,PROSP3.NUM_ISSUER.M.Y.Z.Z.Z.Z.Z.Y.Y.Z.Z.Z.Z.Z.Z.Z,2022-08,2025-05-11,,,2025-05-11T19:37:38.486669Z,566940194418,PROSP3.NUM_ISSUER.M.A6.Z.Z.Z.Z.Z.E.A6.Z.Z.Z.Z.Z.Z.Z,40,,,Z,P,A6,PB_PB
PROSP3_SEC,PROSP3.NUM_ISSUER.M.Y.Z.Z.Z.Z.Z.Z.Y.Z.Z.Z.Z.Z.Z.Z,2024-06,2025-05-11,,,2025-05-11T11:07:33.305826Z,558352162838,PROSP3.NUM_ISSUER.M.A6.Z.Z.Z.Z.Z.Z.ROW.Z.Z.Z.Z.Z.Z.Z,48,,,Z,P,A6,PB_PB
PROSP3_SEC,PROSP3.NUM_ISSUER.M.Y.Z.Z.Z.Z.Z.Y.Y.Z.Z.Z.Z.Z.Z.Z,2023-06,2025-05-11,,,2025-05-11T19:37:38.486669Z,661431409555,PROSP3.NUM_ISSUER.M.A6.Z.Z.Z.Z.Z.E.A6.Z.Z.Z.Z.Z.Z.Z,64,,,Z,P,A6,PB_PB
PROSP3_SEC,PROSP3.NUM_ISSUER.M.Y.Z.Z.Z.Z.Z.Z.Y.Z.Z.Z.Z.Z.Z.Z,2024-06,2025-05-11,,,2025-05-11T11:07:33.305826Z,558352163538,PROSP3.NUM_ISSUER.M.A6.Z.Z.Z.Z.Z.Z.A6.Z.Z.Z.Z.Z.Z.Z,360,,,Z,P,A6,PB_PB
PROSP3_SEC,PROSP3.NUM_ISSUER.M.Y.Z.Z.Z.Z.Z.Y.Y.Z.Z.Z.Z.Z.Z.Z,2023-10,2025-05-11,,,2025-05-11T19:37:38.486669Z,128854146286,PROSP3.NUM_ISSUER.M.A6.Z.Z.Z.Z.Z.D.A6.Z.Z.Z.Z.Z.Z.Z,279,,,Z,P,A6,PB_PB
PROSP3_SEC,PROSP3.NUM_ISSUER.M.Y.Z.Z.Z.Z.Z.Y.Y.Z.Z.Z.Z.Z.Z.Z,2021-10,2025-05-11,,,2025-05-11T19:37:38.486669Z,1228367404050,PROSP3.NUM_ISSUER.M.A6.Z.Z.Z.Z.Z.E.A6.Z.Z.Z.Z.Z.Z.Z,80,,,Z,P,A6,PB_PB
PROSP3_SEC,PROSP3.NUM_ISSUER.M.Y.Z.Z.Z.Z.Z.Z.Y.Z.Z.Z.Z.Z.Z.Z,2021-12,2025-05-11,,,2025-05-11T11:07:33.305826Z,841821037218,PROSP3.NUM_ISSUER.M.A6.Z.Z.Z.Z.Z.Z.ROW.Z.Z.Z.Z.Z.Z.Z,35,,,Z,P,A6,PB_PB
PROSP3_SEC,PROSP3.NUM_ISSUER.M.Y.Z.Z.Z.Z.Z.Z.Y.Z.Z.Z.Z.Z.Z.Z,2024-07,2025-05-11,,,2025-05-11T11:07:33.305826Z,936307393464,PROSP3.NUM_ISSUER.M.A6.Z.Z.Z.Z.Z.Z.ROW.Z.Z.Z.Z.Z.Z.Z,41,,,Z,P,A6,PB_PB
PROSP3_SEC,PROSP3.NUM_ISSUER.M.Y.Z.Z.Z.Z.Z.Y.Y.Z.Z.Z.Z.Z.Z.Z,2022-02,2025-05-11,,,2025-05-11T19:37:38.486669Z,257706014356,PROSP3.NUM_ISSUER.M.A6.Z.Z.Z.Z.Z.D.A6.Z.Z.Z.Z.Z.Z.Z,218,,,Z,P,A6,PB_PB
PROSP3_SEC,PROSP3.NUM_ISSUER.M.Y.Z.Z.Z.Z.Z.Y.Y.Z.Z.Z.Z.Z.Z.Z,2021-02,2025-05-11,,,2025-05-11T19:37:38.486669Z,893360844385,PROSP3.NUM_ISSUER.M.A6.Z.Z.Z.Z.Z.E.A6.Z.Z.Z.Z.Z.Z.Z,44,,,Z,P,A6,PB_PB
PROSP3_SEC,PROSP3.NUM_ISSUER.M.Y.Z.Z.Z.Z.Z.Y.Y.Z.Z.Z.Z.Z.Z.Z,2022-04,2025-05-11,,,2025-05-11T19:37:38.486669Z,747335239199,PROSP3.NUM_ISSUER.M.A6.Z.Z.Z.Z.Z.D.A6.Z.Z.Z.Z.Z.Z.Z,216,,,Z,P,A6,PB_PB
PROSP3_SEC,PROSP3.NUM_ISSUER.M.Y.Z.Z.Z.Z.Z.Z.Y.Z.Z.Z.Z.Z.Z.Z,2021-05,2025-05-11,,,2025-05-11T11:07:33.305826Z,197574431697,PROSP3.NUM_ISSUER.M.A6.Z.Z.Z.Z.Z.Z.ROW.Z.Z.Z.Z.Z.Z.Z,38,,,Z,P,A6,PB_PB
PROSP3_SEC,PROSP3.NUM_ISSUER.M.Y.Z.Z.Z.Z.Z.Z.Y.Z.Z.Z.Z.Z.Z.Z,2025-06,2025-05-11,,,2025-05-11T11:07:33.305826Z,1202598906923,PROSP3.NUM_ISSUER.M.A6.Z.Z.Z.Z.Z.Z.A6.Z.Z.Z.Z.Z.Z.Z,3,,,Z,P,A6,PB_PB
PROSP3_SEC,PROSP3.NUM_ISSUER.M.Y.Z.Z.Z.Z.Z.Z.Y.Z.Z.Z.Z.Z.Z.Z,2022-08,2025-05-11,,,2025-05-11T11:07:33.305826Z,816053365594,PROSP3.NUM_ISSUER.M.A6.Z.Z.Z.Z.Z.Z.ROW.Z.Z.Z.Z.Z.Z.Z,35,,,Z,P,A6,PB_PB
PROSP3_SEC,PROSP3.NUM_ISSUER.M.Y.Z.Z.Z.Z.Z.Z.Y.Z.Z.Z.Z.Z.Z.Z,2024-12,2025-05-11,,,2025-05-11T11:07:33.305826Z,1142469372955,PROSP3.NUM_ISSUER.M.A6.Z.Z.Z.Z.Z.Z.A6.Z.Z.Z.Z.Z.Z.Z,294,,,Z,P,A6,PB_PB
PROSP3_SEC,PROSP3.NUM_ISSUER.M.Y.Z.Z.Z.Z.Z.Y.Y.Z.Z.Z.Z.Z.Z.Z,2021-04,2025-05-11,,,2025-05-11T19:37:38.486669Z,635658428487,PROSP3.NUM_ISSUER.M.A6.Z.Z.Z.Z.Z.E.A6.Z.Z.Z.Z.Z.Z.Z,58,,,Z,P,A6,PB_PB
PROSP3_SEC,PROSP3.NUM_ISSUER.M.Y.Z.Z.Z.Z.Z.Y.Y.Z.Z.Z.Z.Z.Z.Z,2021-11,2025-05-11,,,2025-05-11T19:37:38.486669Z,154623341713,PROSP3.NUM_ISSUER.M.A6.Z.Z.Z.Z.Z.E.A6.Z.Z.Z.Z.Z.Z.Z,98,,,Z,P,A6,PB_PB
PROSP3_SEC,PROSP3.NUM_ISSUER.M.Y.Z.Z.Z.Z.Z.Z.Y.Z.Z.Z.Z.Z.Z.Z,2023-06,2025-05-11,,,2025-05-11T11:07:33.305826Z,816053368452,PROSP3.NUM_ISSUER.M.A6.Z.Z.Z.Z.Z.Z.A6.Z.Z.Z.Z.Z.Z.Z,392,,,Z,P,A6,PB_PB
PROSP3_SEC,PROSP3.NUM_ISSUER.M.Y.Z.Z.Z.Z.Z.Y.Y.Z.Z.Z.Z.Z.Z.Z,2024-12,2025-05-11,,,2025-05-11T19:37:38.486669Z,652840013523,PROSP3.NUM_ISSUER.M.A6.Z.Z.Z.Z.Z.E.A6.Z.Z.Z.Z.Z.Z.Z,49,,,Z,P,A6,PB_PB
PROSP3_SEC,PROSP3.NUM_ISSUER.M.Y.Z.Z.Z.Z.Z.Y.Y.Z.Z.Z.Z.Z.Z.Z,2021-07,2025-05-11,,,2025-05-11T19:37:38.486669Z,996440297491,PROSP3.NUM_ISSUER.M.A6.Z.Z.Z.Z.Z.E.A6.Z.Z.Z.Z.Z.Z.Z,59,,,Z,P,A6,PB_PB
PROSP3_SEC,PROSP3.NUM_ISSUER.M.Y.Z.Z.Z.Z.Z.Y.Y.Z.Z.Z.Z.Z.Z.Z,2023-12,2025-05-11,,,2025-05-11T19:37:38.486669Z,128854153615,PROSP3.NUM_ISSUER.M.A6.Z.Z.Z.Z.Z.E.A6.Z.Z.Z.Z.Z.Z.Z,55,,,Z,P,A6,PB_PB
PROSP3_SEC,PROSP3.NUM_ISSUER.M.Y.Z.Z.Z.Z.Z.Z.Y.Z.Z.Z.Z.Z.Z.Z,2024-10,2025-05-11,,,2025-05-11T11:07:33.305826Z,515401005851,PROSP3.NUM_ISSUER.M.A6.Z.Z.Z.Z.Z.Z.A6.Z.Z.Z.Z.Z.Z.Z,379,,,Z,P,A6,PB_PB
PROSP3_SEC,PROSP3.NUM_ISSUER.M.Y.Z.Z.Z.Z.Z.Y.Y.Z.Z.Z.Z.Z.Z.Z,2023-10,2025-05-11,,,2025-05-11T19:37:38.486669Z,128854147315,PROSP3.NUM_ISSUER.M.A6.Z.Z.Z.Z.Z.E.A6.Z.Z.Z.Z.Z.Z.Z,55,,,Z,P,A6,PB_PB
PROSP3_SEC,PROSP3.NUM_ISSUER.M.Y.Z.Z.Z.Z.Z.Z.Y.Z.Z.Z.Z.Z.Z.Z,2022-03,2025-05-11,,,2025-05-11T11:07:33.305826Z,790279017087,PROSP3.NUM_ISSUER.M.A6.Z.Z.Z.Z.Z.Z.A6.Z.Z.Z.Z.Z.Z.Z,271,,,Z,P,A6,PB_PB
PROSP3_SEC,PROSP3.NUM_ISSUER.M.Y.Z.Z.Z.Z.Z.Z.Y.Z.Z.Z.Z.Z.Z.Z,2024-08,2025-05-11,,,2025-05-11T11:07:33.305826Z,1005031509499,PROSP3.NUM_ISSUER.M.A6.Z.Z.Z.Z.Z.Z.A6.Z.Z.Z.Z.Z.Z.Z,258,,,Z,P,A6,PB_PB
PROSP3_SEC,PROSP3.NUM_ISSUER.M.Y.Z.Z.Z.Z.Z.Y.Y.Z.Z.Z.Z.Z.Z.Z,2021-08,2025-05-11,,,2025-05-11T19:37:38.486669Z,188982516645,PROSP3.NUM_ISSUER.M.A6.Z.Z.Z.Z.Z.E.A6.Z.Z.Z.Z.Z.Z.Z,40,,,Z,P,A6,PB_PB
PROSP3_SEC,PROSP3.NUM_ISSUER.M.Y.Z.Z.Z.Z.Z.Z.Y.Z.Z.Z.Z.Z.Z.Z,2025-01,2025-05-11,,,2025-05-11T11:07:33.305826Z,1142469373202,PROSP3.NUM_ISSUER.M.A6.Z.Z.Z.Z.Z.Z.A6.Z.Z.Z.Z.Z.Z.Z,323,,,Z,P,A6,PB_PB
PROSP3_SEC,PROSP3.NUM_ISSUER.M.Y.Z.Z.Z.Z.Z.Y.Y.Z.Z.Z.Z.Z.Z.Z,2021-06,2025-05-11,,,2025-05-11T19:37:38.486669Z,335015314851,PROSP3.NUM_ISSUER.M.A6.Z.Z.Z.Z.Z.D.A6.Z.Z.Z.Z.Z.Z.Z,276,,,Z,P,A6,PB_PB
PROSP3_SEC,PROSP3.NUM_ISSUER.M.Y.Z.Z.Z.Z.Z.Y.Y.Z.Z.Z.Z.Z.Z.Z,2021-11,2025-05-11,,,2025-05-11T19:37:38.486669Z,154623341714,PROSP3.NUM_ISSUER.M.A6.Z.Z.Z.Z.Z.D.A6.Z.Z.Z.Z.Z.Z.Z,232,,,Z,P,A6,PB_PB
PROSP3_SEC,PROSP3.NUM_ISSUER.M.Y.Z.Z.Z.Z.Z.Y.Y.Z.Z.Z.Z.Z.Z.Z,2022-10,2025-05-11,,,2025-05-11T19:37:38.486669Z,498220971288,PROSP3.NUM_ISSUER.M.A6.Z.Z.Z.Z.Z.E.A6.Z.Z.Z.Z.Z.Z.Z,48,,,Z,P,A6,PB_PB
PROSP3_SEC,PROSP3.NUM_ISSUER.M.Y.Z.Z.Z.Z.Z.Y.Y.Z.Z.Z.Z.Z.Z.Z,2024-05,2025-05-11,,,2025-05-11T19:37:38.486669Z,601304586662,PROSP3.NUM_ISSUER.M.A6.Z.Z.Z.Z.Z.E.A6.Z.Z.Z.Z.Z.Z.Z,65,,,Z,P,A6,PB_PB
PROSP3_SEC,PROSP3.NUM_ISSUER.M.Y.Z.Z.Z.Z.Z.Y.Y.Z.Z.Z.Z.Z.Z.Z,2022-02,2025-05-11,,,2025-05-11T19:37:38.486669Z,257706011752,PROSP3.NUM_ISSUER.M.A6.Z.Z.Z.Z.Z.E.A6.Z.Z.Z.Z.Z.Z.Z,59,,,Z,P,A6,PB_PB
PROSP3_SEC,PROSP3.NUM_ISSUER.M.Y.Z.Z.Z.Z.Z.Z.Y.Z.Z.Z.Z.Z.Z.Z,2025-03,2025-05-11,,,2025-05-11T11:07:33.305826Z,377968132069,PROSP3.NUM_ISSUER.M.A6.Z.Z.Z.Z.Z.Z.A6.Z.Z.Z.Z.Z.Z.Z,318,,,Z,P,A6,PB_PB
PROSP3_SEC,PROSP3.NUM_ISSUER.M.Y.Z.Z.Z.Z.Z.Z.Y.Z.Z.Z.Z.Z.Z.Z,2023-11,2025-05-11,,,2025-05-11T11:07:33.305826Z,146039920949,PROSP3.NUM_ISSUER.M.A6.Z.Z.Z.Z.Z.Z.ROW.Z.Z.Z.Z.Z.Z.Z,46,,,Z,P,A6,PB_PB
PROSP3_SEC,PROSP3.NUM_ISSUER.M.Y.Z.Z.Z.Z.Z.Y.Y.Z.Z.Z.Z.Z.Z.Z,2025-02,2025-05-11,,,2025-05-11T19:37:38.486669Z,420912366665,PROSP3.NUM_ISSUER.M.A6.Z.Z.Z.Z.Z.D.A6.Z.Z.Z.Z.Z.Z.Z,283,,,Z,P,A6,PB_PB
PROSP3_SEC,PROSP3.NUM_ISSUER.M.Y.Z.Z.Z.Z.Z.Z.Y.Z.Z.Z.Z.Z.Z.Z,2022-09,2025-05-11,,,2025-05-11T11:07:33.305826Z,730149736162,PROSP3.NUM_ISSUER.M.A6.Z.Z.Z.Z.Z.Z.A6.Z.Z.Z.Z.Z.Z.Z,340,,,Z,P,A6,PB_PB
PROSP3_SEC,PROSP3.NUM_ISSUER.M.Y.Z.Z.Z.Z.Z.Z.Y.Z.Z.Z.Z.Z.Z.Z,2022-03,2025-05-11,,,2025-05-11T11:07:33.305826Z,790279016904,PROSP3.NUM_ISSUER.M.A6.Z.Z.Z.Z.Z.Z.ROW.Z.Z.Z.Z.Z.Z.Z,47,,,Z,P,A6,PB_PB
PROSP3_SEC,PROSP3.NUM_ISSUER.M.Y.Z.Z.Z.Z.Z.Y.Y.Z.Z.Z.Z.Z.Z.Z,2023-05,2025-05-11,,,2025-05-11T19:37:38.486669Z,17183857292,PROSP3.NUM_ISSUER.M.A6.Z.Z.Z.Z.Z.D.A6.Z.Z.Z.Z.Z.Z.Z,310,,,Z,P,A6,PB_PB
PROSP3_SEC,PROSP3.NUM_ISSUER.M.Y.Z.Z.Z.Z.Z.Y.Y.Z.Z.Z.Z.Z.Z.Z,2021-09,2025-05-11,,,2025-05-11T19:37:38.486669Z,987847124955,PROSP3.NUM_ISSUER.M.A6.Z.Z.Z.Z.Z.E.A6.Z.Z.Z.Z.Z.Z.Z,82,,,Z,P,A6,PB_PB
PROSP3_SEC,PROSP3.NUM_ISSUER.M.Y.Z.Z.Z.Z.Z.Z.Y.Z.Z.Z.Z.Z.Z.Z,2021-07,2025-05-11,,,2025-05-11T11:07:33.305826Z,1176828449205,PROSP3.NUM_ISSUER.M.A6.Z.Z.Z.Z.Z.Z.A6.Z.Z.Z.Z.Z.Z.Z,234,,,Z,P,A6,PB_PB
PROSP3_SEC,PROSP3.NUM_ISSUER.M.Y.Z.Z.Z.Z.Z.Y.Y.Z.Z.Z.Z.Z.Z.Z,2023-07,2025-05-11,,,2025-05-11T19:37:38.486669Z,1305673974812,PROSP3.NUM_ISSUER.M.A6.Z.Z.Z.Z.Z.E.A6.Z.Z.Z.Z.Z.Z.Z,43,,,Z,P,A6,PB_PB
PROSP3_SEC,PROSP3.NUM_ISSUER.M.Y.Z.Z.Z.Z.Z.Y.Y.Z.Z.Z.Z.Z.Z.Z,2025-02,2025-05-11,,,2025-05-11T19:37:38.486669Z,420912368699,PROSP3.NUM_ISSUER.M.A6.Z.Z.Z.Z.Z.E.A6.Z.Z.Z.Z.Z.Z.Z,37,,,Z,P,A6,PB_PB
PROSP3_SEC,PROSP3.NUM_ISSUER.M.Y.Z.Z.Z.Z.Z.Y.Y.Z.Z.Z.Z.Z.Z.Z,2025-01,2025-05-11,,,2025-05-11T19:37:38.486669Z,1013620712633,PROSP3.NUM_ISSUER.M.A6.Z.Z.Z.Z.Z.E.A6.Z.Z.Z.Z.Z.Z.Z,40,,,Z,P,A6,PB_PB
PROSP3_SEC,PROSP3.NUM_ISSUER.M.Y.Z.Z.Z.Z.Z.Z.Y.Z.Z.Z.Z.Z.Z.Z,2024-01,2025-05-11,,,2025-05-11T11:07:33.305826Z,652840076968,PROSP3.NUM_ISSUER.M.A6.Z.Z.Z.Z.Z.Z.A6.Z.Z.Z.Z.Z.Z.Z,353,,,Z,P,A6,PB_PB
PROSP3_SEC,PROSP3.NUM_ISSUER.M.Y.Z.Z.Z.Z.Z.Y.Y.Z.Z.Z.Z.Z.Z.Z,2024-11,2025-05-11,,,2025-05-11T19:37:38.486669Z,352191704898,PROSP3.NUM_ISSUER.M.A6.Z.Z.Z.Z.Z.E.A6.Z.Z.Z.Z.Z.Z.Z,68,,,Z,P,A6,PB_PB
PROSP3_SEC,PROSP3.NUM_ISSUER.M.Y.Z.Z.Z.Z.Z.Y.Y.Z.Z.Z.Z.Z.Z.Z,2021-01,2025-05-11,,,2025-05-11T19:37:38.486669Z,1125291706017,PROSP3.NUM_ISSUER.M.A6.Z.Z.Z.Z.Z.D.A6.Z.Z.Z.Z.Z.Z.Z,184,,,Z,P,A6,PB_PB
PROSP3_SEC,PROSP3.NUM_ISSUER.M.Y.Z.Z.Z.Z.Z.Y.Y.Z.Z.Z.Z.Z.Z.Z,2023-09,2025-05-11,,,2025-05-11T19:37:38.486669Z,592711002407,PROSP3.NUM_ISSUER.M.A6.Z.Z.Z.Z.Z.D.A6.Z.Z.Z.Z.Z.Z.Z,293,,,Z,P,A6,PB_PB
PROSP3_SEC,PROSP3.NUM_ISSUER.M.Y.Z.Z.Z.Z.Z.Y.Y.Z.Z.Z.Z.Z.Z.Z,2021-04,2025-05-11,,,2025-05-11T19:37:38.486669Z,635658429546,PROSP3.NUM_ISSUER.M.A6.Z.Z.Z.Z.Z.D.A6.Z.Z.Z.Z.Z.Z.Z,183,,,Z,P,A6,PB_PB
PROSP3_SEC,PROSP3.NUM_ISSUER.M.Y.Z.Z.Z.Z.Z.Y.Y.Z.Z.Z.Z.Z.Z.Z,2023-06,2025-05-11,,,2025-05-11T19:37:38.486669Z,661431405853,PROSP3.NUM_ISSUER.M.A6.Z.Z.Z.Z.Z.D.A6.Z.Z.Z.Z.Z.Z.Z,315,,,Z,P,A6,PB_PB
PROSP3_SEC,PROSP3.NUM_ISSUER.M.Y.Z.Z.Z.Z.Z.Z.Y.Z.Z.Z.Z.Z.Z.Z,2022-01,2025-05-11,,,2025-05-11T11:07:33.305826Z,1262724666863,PROSP3.NUM_ISSUER.M.A6.Z.Z.Z.Z.Z.Z.ROW.Z.Z.Z.Z.Z.Z.Z,39,,,Z,P,A6,PB_PB
PROSP3_SEC,PROSP3.NUM_ISSUER.M.Y.Z.Z.Z.Z.Z.Z.Y.Z.Z.Z.Z.Z.Z.Z,2022-10,2025-05-11,,,2025-05-11T11:07:33.305826Z,1202598900235,PROSP3.NUM_ISSUER.M.A6.Z.Z.Z.Z.Z.Z.ROW.Z.Z.Z.Z.Z.Z.Z,40,,,Z,P,A6,PB_PB
PROSP3_SEC,PROSP3.NUM_ISSUER.M.Y.Z.Z.Z.Z.Z.Z.Y.Z.Z.Z.Z.Z.Z.Z,2025-04,2025-05-11,,,2025-05-11T11:07:33.305826Z,1090928109742,PROSP3.NUM_ISSUER.M.A6.Z.Z.Z.Z.Z.Z.A6.Z.Z.Z.Z.Z.Z.Z,265,,,Z,P,A6,PB_PB
PROSP3_SEC,PROSP3.NUM_ISSUER.M.Y.Z.Z.Z.Z.Z.Z.Y.Z.Z.Z.Z.Z.Z.Z,2025-04,2025-05-11,,,2025-05-11T11:07:33.305826Z,1090928109729,PROSP3.NUM_ISSUER.M.A6.Z.Z.Z.Z.Z.Z.ROW.Z.Z.Z.Z.Z.Z.Z,38,,,Z,P,A6,PB_PB
PROSP3_SEC,PROSP3.NUM_ISSUER.M.Y.Z.Z.Z.Z.Z.Y.Y.Z.Z.Z.Z.Z.Z.Z,2022-05,2025-05-11,,,2025-05-11T19:37:38.486669Z,25777150959,PROSP3.NUM_ISSUER.M.A6.Z.Z.Z.Z.Z.E.A6.Z.Z.Z.Z.Z.Z.Z,65,,,Z,P,A6,PB_PB
PROSP3_SEC,PROSP3.NUM_ISSUER.M.Y.Z.Z.Z.Z.Z.Y.Y.Z.Z.Z.Z.Z.Z.Z,2022-05,2025-05-11,,,2025-05-11T19:37:38.486669Z,25777151857,PROSP3.NUM_ISSUER.M.A6.Z.Z.Z.Z.Z.D.A6.Z.Z.Z.Z.Z.Z.Z,231,,,Z,P,A6,PB_PB
PROSP3_SEC,PROSP3.NUM_ISSUER.M.Y.Z.Z.Z.Z.Z.Z.Y.Z.Z.Z.Z.Z.Z.Z,2023-07,2025-05-11,,,2025-05-11T11:07:33.305826Z,1142469369042,PROSP3.NUM_ISSUER.M.A6.Z.Z.Z.Z.Z.Z.ROW.Z.Z.Z.Z.Z.Z.Z,36,,,Z,P,A6,PB_PB
PROSP3_SEC,PROSP3.NUM_ISSUER.M.Y.Z.Z.Z.Z.Z.Y.Y.Z.Z.Z.Z.Z.Z.Z,2023-01,2025-05-11,,,2025-05-11T19:37:38.486669Z,1219774539301,PROSP3.NUM_ISSUER.M.A6.Z.Z.Z.Z.Z.D.A6.Z.Z.Z.Z.Z.Z.Z,265,,,Z,P,A6,PB_PB
PROSP3_SEC,PROSP3.NUM_ISSUER.M.Y.Z.Z.Z.Z.Z.Z.Y.Z.Z.Z.Z.Z.Z.Z,2023-05,2025-05-11,,,2025-05-11T11:07:33.305826Z,884768080846,PROSP3.NUM_ISSUER.M.A6.Z.Z.Z.Z.Z.Z.A6.Z.Z.Z.Z.Z.Z.Z,371,,,Z,P,A6,PB_PB
PROSP3_SEC,PROSP3.NUM_ISSUER.M.Y.Z.Z.Z.Z.Z.Z.Y.Z.Z.Z.Z.Z.Z.Z,2021-09,2025-05-11,,,2025-05-11T11:07:33.305826Z,979263204635,PROSP3.NUM_ISSUER.M.A6.Z.Z.Z.Z.Z.Z.A6.Z.Z.Z.Z.Z.Z.Z,315,,,Z,P,A6,PB_PB
PROSP3_SEC,PROSP3.NUM_ISSUER.M.Y.Z.Z.Z.Z.Z.Z.Y.Z.Z.Z.Z.Z.Z.Z,2022-05,2025-05-11,,,2025-05-11T11:07:33.305826Z,455271031203,PROSP3.NUM_ISSUER.M.A6.Z.Z.Z.Z.Z.Z.A6.Z.Z.Z.Z.Z.Z.Z,304,,,Z,P,A6,PB_PB
PROSP3_SEC,PROSP3.NUM_ISSUER.M.Y.Z.Z.Z.Z.Z.Z.Y.Z.Z.Z.Z.Z.Z.Z,2021-06,2025-05-11,,,2025-05-11T11:07:33.305826Z,249112856766,PROSP3.NUM_ISSUER.M.A6.Z.Z.Z.Z.Z.Z.A6.Z.Z.Z.Z.Z.Z.Z,395,,,Z,P,A6,PB_PB
PROSP3_SEC,PROSP3.NUM_ISSUER.M.Y.Z.Z.Z.Z.Z.Z.Y.Z.Z.Z.Z.Z.Z.Z,2025-02,2025-05-11,,,2025-05-11T11:07:33.305826Z,661431501493,PROSP3.NUM_ISSUER.M.A6.Z.Z.Z.Z.Z.Z.A6.Z.Z.Z.Z.Z.Z.Z,312,,,Z,P,A6,PB_PB
PROSP3_SEC,PROSP3.NUM_ISSUER.M.Y.Z.Z.Z.Z.Z.Z.Y.Z.Z.Z.Z.Z.Z.Z,2024-05,2025-05-11,,,2025-05-11T11:07:33.305826Z,996440519046,PROSP3.NUM_ISSUER.M.A6.Z.Z.Z.Z.Z.Z.ROW.Z.Z.Z.Z.Z.Z.Z,45,,,Z,P,A6,PB_PB
PROSP3_SEC,PROSP3.NUM_ISSUER.M.Y.Z.Z.Z.Z.Z.Z.Y.Z.Z.Z.Z.Z.Z.Z,2025-03,2025-05-11,,,2025-05-11T11:07:33.305826Z,377968131883,PROSP3.NUM_ISSUER.M.A6.Z.Z.Z.Z.Z.Z.ROW.Z.Z.Z.Z.Z.Z.Z,44,,,Z,P,A6,PB_PB
PROSP3_SEC,PROSP3.NUM_ISSUER.M.Y.Z.Z.Z.Z.Z.Y.Y.Z.Z.Z.Z.Z.Z.Z,2021-08,2025-05-11,,,2025-05-11T19:37:38.486669Z,188982517562,PROSP3.NUM_ISSUER.M.A6.Z.Z.Z.Z.Z.D.A6.Z.Z.Z.Z.Z.Z.Z,134,,,Z,P,A6,PB_PB
PROSP3_SEC,PROSP3.NUM_ISSUER.M.Y.Z.Z.Z.Z.Z.Y.Y.Z.Z.Z.Z.Z.Z.Z,2024-03,2025-05-11,,,2025-05-11T19:37:38.486669Z,1262724544280,PROSP3.NUM_ISSUER.M.A6.Z.Z.Z.Z.Z.D.A6.Z.Z.Z.Z.Z.Z.Z,304,,,Z,P,A6,PB_PB
PROSP3_SEC,PROSP3.NUM_ISSUER.M.Y.Z.Z.Z.Z.Z.Y.Y.Z.Z.Z.Z.Z.Z.Z,2024-10,2025-05-11,,,2025-05-11T19:37:38.486669Z,1168238582561,PROSP3.NUM_ISSUER.M.A6.Z.Z.Z.Z.Z.E.A6.Z.Z.Z.Z.Z.Z.Z,50,,,Z,P,A6,PB_PB
PROSP3_SEC,PROSP3.NUM_ISSUER.M.Y.Z.Z.Z.Z.Z.Z.Y.Z.Z.Z.Z.Z.Z.Z,2021-03,2025-05-11,,,2025-05-11T11:07:33.305826Z,249112854407,PROSP3.NUM_ISSUER.M.A6.Z.Z.Z.Z.Z.Z.ROW.Z.Z.Z.Z.Z.Z.Z,44,,,Z,P,A6,PB_PB
PROSP3_SEC,PROSP3.NUM_ISSUER.M.Y.Z.Z.Z.Z.Z.Z.Y.Z.Z.Z.Z.Z.Z.Z,2023-10,2025-05-11,,,2025-05-11T11:07:33.305826Z,1202598905376,PROSP3.NUM_ISSUER.M.A6.Z.Z.Z.Z.Z.Z.A6.Z.Z.Z.Z.Z.Z.Z,334,,,Z,P,A6,PB_PB
PROSP3_SEC,PROSP3.NUM_ISSUER.M.Y.Z.Z.Z.Z.Z.Z.Y.Z.Z.Z.Z.Z.Z.Z,2025-09,2025-05-11,,,2025-05-11T11:07:33.305826Z,94492449532,PROSP3.NUM_ISSUER.M.A6.Z.Z.Z.Z.Z.Z.A6.Z.Z.Z.Z.Z.Z.Z,1,,,Z,P,A6,PB_PB
PROSP3_SEC,PROSP3.NUM_ISSUER.M.Y.Z.Z.Z.Z.Z.Z.Y.Z.Z.Z.Z.Z.Z.Z,2022-10,2025-05-11,,,2025-05-11T11:07:33.305826Z,1202598900134,PROSP3.NUM_ISSUER.M.A6.Z.Z.Z.Z.Z.Z.A6.Z.Z.Z.Z.Z.Z.Z,297,,,Z,P,A6,PB_PB
PROSP3_SEC,PROSP3.NUM_ISSUER.M.Y.Z.Z.Z.Z.Z.Y.Y.Z.Z.Z.Z.Z.Z.Z,2023-02,2025-05-11,,,2025-05-11T19:37:38.486669Z,1142469158629,PROSP3.NUM_ISSUER.M.A6.Z.Z.Z.Z.Z.D.A6.Z.Z.Z.Z.Z.Z.Z,281,,,Z,P,A6,PB_PB
PROSP3_SEC,PROSP3.NUM_ISSUER.M.Y.Z.Z.Z.Z.Z.Z.Y.Z.Z.Z.Z.Z.Z.Z,2024-10,2025-05-11,,,2025-05-11T11:07:33.305826Z,515401005750,PROSP3.NUM_ISSUER.M.A6.Z.Z.Z.Z.Z.Z.ROW.Z.Z.Z.Z.Z.Z.Z,51,,,Z,P,A6,PB_PB
PROSP3_SEC,PROSP3.NUM_ISSUER.M.Y.Z.Z.Z.Z.Z.Y.Y.Z.Z.Z.Z.Z.Z.Z,2021-03,2025-05-11,,,2025-05-11T19:37:38.486669Z,206166700143,PROSP3.NUM_ISSUER.M.A6.Z.Z.Z.Z.Z.D.A6.Z.Z.Z.Z.Z.Z.Z,227,,,Z,P,A6,PB_PB
PROSP3_SEC,PROSP3.NUM_ISSUER.M.Y.Z.Z.Z.Z.Z.Z.Y.Z.Z.Z.Z.Z.Z.Z,2021-04,2025-05-11,,,2025-05-11T11:07:33.305826Z,738744870402,PROSP3.NUM_ISSUER.M.A6.Z.Z.Z.Z.Z.Z.ROW.Z.Z.Z.Z.Z.Z.Z,42,,,Z,P,A6,PB_PB
PROSP3_SEC,PROSP3.NUM_ISSUER.M.Y.Z.Z.Z.Z.Z.Y.Y.Z.Z.Z.Z.Z.Z.Z,2022-11,2025-05-11,,,2025-05-11T19:37:38.486669Z,154623400244,PROSP3.NUM_ISSUER.M.A6.Z.Z.Z.Z.Z.E.A6.Z.Z.Z.Z.Z.Z.Z,67,,,Z,P,A6,PB_PB
PROSP3_SEC,PROSP3.NUM_ISSUER.M.Y.Z.Z.Z.Z.Z.Z.Y.Z.Z.Z.Z.Z.Z.Z,2023-12,2025-05-11,,,2025-05-11T11:07:33.305826Z,446681166725,PROSP3.NUM_ISSUER.M.A6.Z.Z.Z.Z.Z.Z.A6.Z.Z.Z.Z.Z.Z.Z,290,,,Z,P,A6,PB_PB
PROSP3_SEC,PROSP3.NUM_ISSUER.M.Y.Z.Z.Z.Z.Z.Y.Y.Z.Z.Z.Z.Z.Z.Z,2021-01,2025-05-11,,,2025-05-11T19:37:38.486669Z,1125291699681,PROSP3.NUM_ISSUER.M.A6.Z.Z.Z.Z.Z.E.A6.Z.Z.Z.Z.Z.Z.Z,36,,,Z,P,A6,PB_PB
PROSP3_SEC,PROSP3.NUM_ISSUER.M.Y.Z.Z.Z.Z.Z.Z.Y.Z.Z.Z.Z.Z.Z.Z,2024-11,2025-05-11,,,2025-05-11T11:07:33.305826Z,42958802180,PROSP3.NUM_ISSUER.M.A6.Z.Z.Z.Z.Z.Z.A6.Z.Z.Z.Z.Z.Z.Z,361,,,Z,P,A6,PB_PB
PROSP3_SEC,PROSP3.NUM_ISSUER.M.Y.Z.Z.Z.Z.Z.Y.Y.Z.Z.Z.Z.Z.Z.Z,2023-04,2025-05-11,,,2025-05-11T19:37:38.486669Z,180394667729,PROSP3.NUM_ISSUER.M.A6.Z.Z.Z.Z.Z.D.A6.Z.Z.Z.Z.Z.Z.Z,228,,,Z,P,A6,PB_PB
PROSP3_SEC,PROSP3.NUM_ISSUER.M.Y.Z.Z.Z.Z.Z.Z.Y.Z.Z.Z.Z.Z.Z.Z,2023-03,2025-05-11,,,2025-05-11T11:07:33.305826Z,661431497709,PROSP3.NUM_ISSUER.M.A6.Z.Z.Z.Z.Z.Z.A6.Z.Z.Z.Z.Z.Z.Z,310,,,Z,P,A6,PB_PB
PROSP3_SEC,PROSP3.NUM_ISSUER.M.Y.Z.Z.Z.Z.Z.Y.Y.Z.Z.Z.Z.Z.Z.Z,2021-02,2025-05-11,,,2025-05-11T19:37:38.486669Z,893360852245,PROSP3.NUM_ISSUER.M.A6.Z.Z.Z.Z.Z.D.A6.Z.Z.Z.Z.Z.Z.Z,180,,,Z,P,A6,PB_PB
PROSP3_SEC,PROSP3.NUM_ISSUER.M.Y.Z.Z.Z.Z.Z.Y.Y.Z.Z.Z.Z.Z.Z.Z,2023-02,2025-05-11,,,2025-05-11T19:37:38.486669Z,1142469160389,PROSP3.NUM_ISSUER.M.A6.Z.Z.Z.Z.Z.E.A6.Z.Z.Z.Z.Z.Z.Z,42,,,Z,P,A6,PB_PB
PROSP3_SEC,PROSP3.NUM_ISSUER.M.Y.Z.Z.Z.Z.Z.Y.Y.Z.Z.Z.Z.Z.Z.Z,2023-08,2025-05-11,,,2025-05-11T19:37:38.486669Z,798869210028,PROSP3.NUM_ISSUER.M.A6.Z.Z.Z.Z.Z.D.A6.Z.Z.Z.Z.Z.Z.Z,205,,,Z,P,A6,PB_PB
PROSP3_SEC,PROSP3.NUM_ISSUER.M.Y.Z.Z.Z.Z.Z.Z.Y.Z.Z.Z.Z.Z.Z.Z,2021-10,2025-05-11,,,2025-05-11T11:07:33.305826Z,936307388490,PROSP3.NUM_ISSUER.M.A6.Z.Z.Z.Z.Z.Z.ROW.Z.Z.Z.Z.Z.Z.Z,47,,,Z,P,A6,PB_PB
PROSP3_SEC,PROSP3.NUM_ISSUER.M.Y.Z.Z.Z.Z.Z.Z.Y.Z.Z.Z.Z.Z.Z.Z,2022-02,2025-05-11,,,2025-05-11T11:07:33.305826Z,1022212125202,PROSP3.NUM_ISSUER.M.A6.Z.Z.Z.Z.Z.Z.ROW.Z.Z.Z.Z.Z.Z.Z,48,,,Z,P,A6,PB_PB
PROSP3_SEC,PROSP3.NUM_ISSUER.M.Y.Z.Z.Z.Z.Z.Y.Y.Z.Z.Z.Z.Z.Z.Z,2021-10,2025-05-11,,,2025-05-11T19:37:38.486669Z,1228367402583,PROSP3.NUM_ISSUER.M.A6.Z.Z.Z.Z.Z.D.A6.Z.Z.Z.Z.Z.Z.Z,227,,,Z,P,A6,PB_PB
PROSP3_SEC,PROSP3.NUM_ISSUER.M.Y.Z.Z.Z.Z.Z.Y.Y.Z.Z.Z.Z.Z.Z.Z,2022-08,2025-05-11,,,2025-05-11T19:37:38.486669Z,566940194752,PROSP3.NUM_ISSUER.M.A6.Z.Z.Z.Z.Z.D.A6.Z.Z.Z.Z.Z.Z.Z,197,,,Z,P,A6,PB_PB
PROSP3_SEC,PROSP3.NUM_ISSUER.M.Y.Z.Z.Z.Z.Z.Z.Y.Z.Z.Z.Z.Z.Z.Z,2021-02,2025-05-11,,,2025-05-11T11:07:33.305826Z,936307386722,PROSP3.NUM_ISSUER.M.A6.Z.Z.Z.Z.Z.Z.A6.Z.Z.Z.Z.Z.Z.Z,229,,,Z,P,A6,PB_PB
PROSP3_SEC,PROSP3.NUM_ISSUER.M.Y.Z.Z.Z.Z.Z.Z.Y.Z.Z.Z.Z.Z.Z.Z,2021-05,2025-05-11,,,2025-05-11T11:07:33.305826Z,197574431409,PROSP3.NUM_ISSUER.M.A6.Z.Z.Z.Z.Z.Z.A6.Z.Z.Z.Z.Z.Z.Z,325,,,Z,P,A6,PB_PB
PROSP3_SEC,PROSP3.NUM_ISSUER.M.Y.Z.Z.Z.Z.Z.Y.Y.Z.Z.Z.Z.Z.Z.Z,2024-05,2025-05-11,,,2025-05-11T19:37:38.486669Z,601304586052,PROSP3.NUM_ISSUER.M.A6.Z.Z.Z.Z.Z.D.A6.Z.Z.Z.Z.Z.Z.Z,323,,,Z,P,A6,PB_PB
PROSP3_SEC,PROSP3.NUM_ISSUER.M.Y.Z.Z.Z.Z.Z.Z.Y.Z.Z.Z.Z.Z.Z.Z,2024-02,2025-05-11,,,2025-05-11T11:07:33.305826Z,309242640435,PROSP3.NUM_ISSUER.M.A6.Z.Z.Z.Z.Z.Z.A6.Z.Z.Z.Z.Z.Z.Z,313,,,Z,P,A6,PB_PB
PROSP3_SEC,PROSP3.NUM_ISSUER.M.Y.Z.Z.Z.Z.Z.Y.Y.Z.Z.Z.Z.Z.Z.Z,2022-10,2025-05-11,,,2025-05-11T19:37:38.486669Z,498220994191,PROSP3.NUM_ISSUER.M.A6.Z.Z.Z.Z.Z.D.A6.Z.Z.Z.Z.Z.Z.Z,251,,,Z,P,A6,PB_PB
PROSP3_SEC,PROSP3.NUM_ISSUER.M.Y.Z.Z.Z.Z.Z.Z.Y.Z.Z.Z.Z.Z.Z.Z,2023-10,2025-05-11,,,2025-05-11T11:07:33.305826Z,1202598905667,PROSP3.NUM_ISSUER.M.A6.Z.Z.Z.Z.Z.Z.ROW.Z.Z.Z.Z.Z.Z.Z,34,,,Z,P,A6,PB_PB
PROSP3_SEC,PROSP3.NUM_ISSUER.M.Y.Z.Z.Z.Z.Z.Y.Y.Z.Z.Z.Z.Z.Z.Z,2023-01,2025-05-11,,,2025-05-11T19:37:38.486669Z,1219774539887,PROSP3.NUM_ISSUER.M.A6.Z.Z.Z.Z.Z.E.A6.Z.Z.Z.Z.Z.Z.Z,52,,,Z,P,A6,PB_PB
PROSP3_SEC,PROSP3.NUM_ISSUER.M.Y.Z.Z.Z.Z.Z.Y.Y.Z.Z.Z.Z.Z.Z.Z,2022-06,2025-05-11,,,2025-05-11T19:37:38.486669Z,1236958510862,PROSP3.NUM_ISSUER.M.A6.Z.Z.Z.Z.Z.D.A6.Z.Z.Z.Z.Z.Z.Z,236,,,Z,P,A6,PB_PB
PROSP3_SEC,PROSP3.NUM_ISSUER.M.Y.Z.Z.Z.Z.Z.Y.Y.Z.Z.Z.Z.Z.Z.Z,2022-03,2025-05-11,,,2025-05-11T19:37:38.486669Z,429507292799,PROSP3.NUM_ISSUER.M.A6.Z.Z.Z.Z.Z.E.A6.Z.Z.Z.Z.Z.Z.Z,64,,,Z,P,A6,PB_PB
PROSP3_SEC,PROSP3.NUM_ISSUER.M.Y.Z.Z.Z.Z.Z.Z.Y.Z.Z.Z.Z.Z.Z.Z,2021-01,2025-05-11,,,2025-05-11T11:07:33.305826Z,1262724652582,PROSP3.NUM_ISSUER.M.A6.Z.Z.Z.Z.Z.Z.ROW.Z.Z.Z.Z.Z.Z.Z,41,,,Z,P,A6,PB_PB
PROSP3_SEC,PROSP3.NUM_ISSUER.M.Y.Z.Z.Z.Z.Z.Z.Y.Z.Z.Z.Z.Z.Z.Z,2021-06,2025-05-11,,,2025-05-11T11:07:33.305826Z,249112856758,PROSP3.NUM_ISSUER.M.A6.Z.Z.Z.Z.Z.Z.ROW.Z.Z.Z.Z.Z.Z.Z,55,,,Z,P,A6,PB_PB
PROSP3_SEC,PROSP3.NUM_ISSUER.M.Y.Z.Z.Z.Z.Z.Y.Y.Z.Z.Z.Z.Z.Z.Z,2024-06,2025-05-11,,,2025-05-11T19:37:38.486669Z,429507574693,PROSP3.NUM_ISSUER.M.A6.Z.Z.Z.Z.Z.D.A6.Z.Z.Z.Z.Z.Z.Z,297,,,Z,P,A6,PB_PB
PROSP3_SEC,PROSP3.NUM_ISSUER.M.Y.Z.Z.Z.Z.Z.Z.Y.Z.Z.Z.Z.Z.Z.Z,2021-02,2025-05-11,,,2025-05-11T11:07:33.305826Z,936307383460,PROSP3.NUM_ISSUER.M.A6.Z.Z.Z.Z.Z.Z.ROW.Z.Z.Z.Z.Z.Z.Z,38,,,Z,P,A6,PB_PB
PROSP3_SEC,PROSP3.NUM_ISSUER.M.Y.Z.Z.Z.Z.Z.Y.Y.Z.Z.Z.Z.Z.Z.Z,2023-03,2025-05-11,,,2025-05-11T19:37:38.486669Z,858997337025,PROSP3.NUM_ISSUER.M.A6.Z.Z.Z.Z.Z.D.A6.Z.Z.Z.Z.Z.Z.Z,259,,,Z,P,A6,PB_PB
PROSP3_SEC,PROSP3.NUM_ISSUER.M.Y.Z.Z.Z.Z.Z.Y.Y.Z.Z.Z.Z.Z.Z.Z,2023-11,2025-05-11,,,2025-05-11T19:37:38.486669Z,962076559104,PROSP3.NUM_ISSUER.M.A6.Z.Z.Z.Z.Z.E.A6.Z.Z.Z.Z.Z.Z.Z,69,,,Z,P,A6,PB_PB
PROSP3_SEC,PROSP3.NUM_ISSUER.M.Y.Z.Z.Z.Z.Z.Z.Y.Z.Z.Z.Z.Z.Z.Z,2022-12,2025-05-11,,,2025-05-11T11:07:33.305826Z,25777316021,PROSP3.NUM_ISSUER.M.A6.Z.Z.Z.Z.Z.Z.A6.Z.Z.Z.Z.Z.Z.Z,275,,,Z,P,A6,PB_PB
PROSP3_SEC,PROSP3.NUM_ISSUER.M.Y.Z.Z.Z.Z.Z.Y.Y.Z.Z.Z.Z.Z.Z.Z,2024-01,2025-05-11,,,2025-05-11T19:37:38.486669Z,618483873132,PROSP3.NUM_ISSUER.M.A6.Z.Z.Z.Z.Z.D.A6.Z.Z.Z.Z.Z.Z.Z,307,,,Z,P,A6,PB_PB
PROSP3_SEC,PROSP3.NUM_ISSUER.M.Y.Z.Z.Z.Z.Z.Y.Y.Z.Z.Z.Z.Z.Z.Z,2024-09,2025-05-11,,,2025-05-11T19:37:38.486669Z,369372031261,PROSP3.NUM_ISSUER.M.A6.Z.Z.Z.Z.Z.E.A6.Z.Z.Z.Z.Z.Z.Z,48,,,Z,P,A6,PB_PB
PROSP3_SEC,PROSP3.NUM_ISSUER.M.Y.Z.Z.Z.Z.Z.Z.Y.Z.Z.Z.Z.Z.Z.Z,2023-02,2025-05-11,,,2025-05-11T11:07:33.305826Z,1305674089595,PROSP3.NUM_ISSUER.M.A6.Z.Z.Z.Z.Z.Z.ROW.Z.Z.Z.Z.Z.Z.Z,40,,,Z,P,A6,PB_PB
PROSP3_SEC,PROSP3.NUM_ISSUER.M.Y.Z.Z.Z.Z.Z.Y.Y.Z.Z.Z.Z.Z.Z.Z,2021-03,2025-05-11,,,2025-05-11T19:37:38.486669Z,206166702238,PROSP3.NUM_ISSUER.M.A6.Z.Z.Z.Z.Z.E.A6.Z.Z.Z.Z.Z.Z.Z,63,,,Z,P,A6,PB_PB
PROSP3_SEC,PROSP3.NUM_ISSUER.M.Y.Z.Z.Z.Z.Z.Z.Y.Z.Z.Z.Z.Z.Z.Z,2021-03,2025-05-11,,,2025-05-11T11:07:33.305826Z,249112853111,PROSP3.NUM_ISSUER.M.A6.Z.Z.Z.Z.Z.Z.A6.Z.Z.Z.Z.Z.Z.Z,289,,,Z,P,A6,PB_PB
PROSP3_SEC,PROSP3.NUM_ISSUER.M.Y.Z.Z.Z.Z.Z.Y.Y.Z.Z.Z.Z.Z.Z.Z,2023-11,2025-05-11,,,2025-05-11T19:37:38.486669Z,962076559075,PROSP3.NUM_ISSUER.M.A6.Z.Z.Z.Z.Z.D.A6.Z.Z.Z.Z.Z.Z.Z,289,,,Z,P,A6,PB_PB
PROSP3_SEC,PROSP3.NUM_ISSUER.M.Y.Z.Z.Z.Z.Z.Y.Y.Z.Z.Z.Z.Z.Z.Z,2023-09,2025-05-11,,,2025-05-11T19:37:38.486669Z,592711001029,PROSP3.NUM_ISSUER.M.A6.Z.Z.Z.Z.Z.E.A6.Z.Z.Z.Z.Z.Z.Z,50,,,Z,P,A6,PB_PB
PROSP3_SEC,PROSP3.NUM_ISSUER.M.Y.Z.Z.Z.Z.Z.Z.Y.Z.Z.Z.Z.Z.Z.Z,2024-03,2025-05-11,,,2025-05-11T11:07:33.305826Z,1211186187116,PROSP3.NUM_ISSUER.M.A6.Z.Z.Z.Z.Z.Z.A6.Z.Z.Z.Z.Z.Z.Z,348,,,Z,P,A6,PB_PB
PROSP3_SEC,PROSP3.NUM_ISSUER.M.Y.Z.Z.Z.Z.Z.Z.Y.Z.Z.Z.Z.Z.Z.Z,2023-04,2025-05-11,,,2025-05-11T11:07:33.305826Z,377968128841,PROSP3.NUM_ISSUER.M.A6.Z.Z.Z.Z.Z.Z.ROW.Z.Z.Z.Z.Z.Z.Z,46,,,Z,P,A6,PB_PB
PROSP3_SEC,PROSP3.NUM_ISSUER.M.Y.Z.Z.Z.Z.Z.Z.Y.Z.Z.Z.Z.Z.Z.Z,2025-08,2025-05-11,,,2025-05-11T11:07:33.305826Z,377968132144,PROSP3.NUM_ISSUER.M.A6.Z.Z.Z.Z.Z.Z.A6.Z.Z.Z.Z.Z.Z.Z,1,,,Z,P,A6,PB_PB
PROSP3_SEC,PROSP3.NUM_ISSUER.M.Y.Z.Z.Z.Z.Z.Y.Y.Z.Z.Z.Z.Z.Z.Z,2021-06,2025-05-11,,,2025-05-11T19:37:38.486669Z,335015317379,PROSP3.NUM_ISSUER.M.A6.Z.Z.Z.Z.Z.E.A6.Z.Z.Z.Z.Z.Z.Z,111,,,Z,P,A6,PB_PB
PROSP3_SEC,PROSP3.NUM_ISSUER.M.Y.Z.Z.Z.Z.Z.Y.Y.Z.Z.Z.Z.Z.Z.Z,2023-05,2025-05-11,,,2025-05-11T19:37:38.486669Z,17183858060,PROSP3.NUM_ISSUER.M.A6.Z.Z.Z.Z.Z.E.A6.Z.Z.Z.Z.Z.Z.Z,56,,,Z,P,A6,PB_PB
PROSP3_SEC,PROSP3.NUM_ISSUER.M.Y.Z.Z.Z.Z.Z.Z.Y.Z.Z.Z.Z.Z.Z.Z,2022-04,2025-05-11,,,2025-05-11T11:07:33.305826Z,1185414081480,PROSP3.NUM_ISSUER.M.A6.Z.Z.Z.Z.Z.Z.ROW.Z.Z.Z.Z.Z.Z.Z,40,,,Z,P,A6,PB_PB
PROSP3_SEC,PROSP3.NUM_ISSUER.M.Y.Z.Z.Z.Z.Z.Z.Y.Z.Z.Z.Z.Z.Z.Z,2023-01,2025-05-11,,,2025-05-11T11:07:33.305826Z,180394745078,PROSP3.NUM_ISSUER.M.A6.Z.Z.Z.Z.Z.Z.A6.Z.Z.Z.Z.Z.Z.Z,306,,,Z,P,A6,PB_PB
PROSP3_SEC,PROSP3.NUM_ISSUER.M.Y.Z.Z.Z.Z.Z.Y.Y.Z.Z.Z.Z.Z.Z.Z,2022-03,2025-05-11,,,2025-05-11T19:37:38.486669Z,429507277580,PROSP3.NUM_ISSUER.M.A6.Z.Z.Z.Z.Z.D.A6.Z.Z.Z.Z.Z.Z.Z,209,,,Z,P,A6,PB_PB
PROSP3_SEC,PROSP3.NUM_ISSUER.M.Y.Z.Z.Z.Z.Z.Z.Y.Z.Z.Z.Z.Z.Z.Z,2023-02,2025-05-11,,,2025-05-11T11:07:33.305826Z,1305674089611,PROSP3.NUM_ISSUER.M.A6.Z.Z.Z.Z.Z.Z.A6.Z.Z.Z.Z.Z.Z.Z,314,,,Z,P,A6,PB_PB
PROSP3_SEC,PROSP3.NUM_ISSUER.M.Y.Z.Z.Z.Z.Z.Y.Y.Z.Z.Z.Z.Z.Z.Z,2022-12,2025-05-11,,,2025-05-11T19:37:38.486669Z,206166871473,PROSP3.NUM_ISSUER.M.A6.Z.Z.Z.Z.Z.E.A6.Z.Z.Z.Z.Z.Z.Z,62,,,Z,P,A6,PB_PB
PROSP3_SEC,PROSP3.NUM_ISSUER.M.Y.Z.Z.Z.Z.Z.Z.Y.Z.Z.Z.Z.Z.Z.Z,2021-12,2025-05-11,,,2025-05-11T11:07:33.305826Z,841821037295,PROSP3.NUM_ISSUER.M.A6.Z.Z.Z.Z.Z.Z.A6.Z.Z.Z.Z.Z.Z.Z,255,,,Z,P,A6,PB_PB
PROSP3_SEC,PROSP3.NUM_ISSUER.M.Y.Z.Z.Z.Z.Z.Y.Y.Z.Z.Z.Z.Z.Z.Z,2023-03,2025-05-11,,,2025-05-11T19:37:38.486669Z,858997337399,PROSP3.NUM_ISSUER.M.A6.Z.Z.Z.Z.Z.E.A6.Z.Z.Z.Z.Z.Z.Z,54,,,Z,P,A6,PB_PB
PROSP3_SEC,PROSP3.NUM_ISSUER.M.Y.Z.Z.Z.Z.Z.Y.Y.Z.Z.Z.Z.Z.Z.Z,2023-04,2025-05-11,,,2025-05-11T19:37:38.486669Z,180394668493,PROSP3.NUM_ISSUER.M.A6.Z.Z.Z.Z.Z.E.A6.Z.Z.Z.Z.Z.Z.Z,38,,,Z,P,A6,PB_PB
PROSP3_SEC,PROSP3.NUM_ISSUER.M.Y.Z.Z.Z.Z.Z.Z.Y.Z.Z.Z.Z.Z.Z.Z,2021-07,2025-05-11,,,2025-05-11T11:07:33.305826Z,1176828450595,PROSP3.NUM_ISSUER.M.A6.Z.Z.Z.Z.Z.Z.ROW.Z.Z.Z.Z.Z.Z.Z,51,,,Z,P,A6,PB_PB
PROSP3_SEC,PROSP3.NUM_ISSUER.M.Y.Z.Z.Z.Z.Z.Z.Y.Z.Z.Z.Z.Z.Z.Z,2021-09,2025-05-11,,,2025-05-11T11:07:33.305826Z,979263204405,PROSP3.NUM_ISSUER.M.A6.Z.Z.Z.Z.Z.Z.ROW.Z.Z.Z.Z.Z.Z.Z,48,,,Z,P,A6,PB_PB
PROSP3_SEC,PROSP3.NUM_ISSUER.M.Y.Z.Z.Z.Z.Z.Z.Y.Z.Z.Z.Z.Z.Z.Z,2024-04,2025-05-11,,,2025-05-11T11:07:33.305826Z,274884330290,PROSP3.NUM_ISSUER.M.A6.Z.Z.Z.Z.Z.Z.A6.Z.Z.Z.Z.Z.Z.Z,320,,,Z,P,A6,PB_PB
PROSP3_SEC,PROSP3.NUM_ISSUER.M.Y.Z.Z.Z.Z.Z.Z.Y.Z.Z.Z.Z.Z.Z.Z,2024-08,2025-05-11,,,2025-05-11T11:07:33.305826Z,1005031509410,PROSP3.NUM_ISSUER.M.A6.Z.Z.Z.Z.Z.Z.ROW.Z.Z.Z.Z.Z.Z.Z,28,,,Z,P,A6,PB_PB
PROSP3_SEC,PROSP3.NUM_ISSUER.M.Y.Z.Z.Z.Z.Z.Z.Y.Z.Z.Z.Z.Z.Z.Z,2022-05,2025-05-11,,,2025-05-11T11:07:33.305826Z,455271031476,PROSP3.NUM_ISSUER.M.A6.Z.Z.Z.Z.Z.Z.ROW.Z.Z.Z.Z.Z.Z.Z,43,,,Z,P,A6,PB_PB
PROSP3_SEC,PROSP3.NUM_ISSUER.M.Y.Z.Z.Z.Z.Z.Z.Y.Z.Z.Z.Z.Z.Z.Z,2023-08,2025-05-11,,,2025-05-11T11:07:33.305826Z,609892858896,PROSP3.NUM_ISSUER.M.A6.Z.Z.Z.Z.Z.Z.ROW.Z.Z.Z.Z.Z.Z.Z,32,,,Z,P,A6,PB_PB
PROSP3_SEC,PROSP3.NUM_ISSUER.M.Y.Z.Z.Z.Z.Z.Z.Y.Z.Z.Z.Z.Z.Z.Z,2024-05,2025-05-11,,,2025-05-11T11:07:33.305826Z,996440518822,PROSP3.NUM_ISSUER.M.A6.Z.Z.Z.Z.Z.Z.A6.Z.Z.Z.Z.Z.Z.Z,391,,,Z,P,A6,PB_PB
PROSP3_SEC,PROSP3.NUM_ISSUER.M.Y.Z.Z.Z.Z.Z.Z.Y.Z.Z.Z.Z.Z.Z.Z,2022-11,2025-05-11,,,2025-05-11T11:07:33.305826Z,1142469365669,PROSP3.NUM_ISSUER.M.A6.Z.Z.Z.Z.Z.Z.ROW.Z.Z.Z.Z.Z.Z.Z,40,,,Z,P,A6,PB_PB
PROSP3_SEC,PROSP3.NUM_ISSUER.M.Y.Z.Z.Z.Z.Z.Y.Y.Z.Z.Z.Z.Z.Z.Z,2022-06,2025-05-11,,,2025-05-11T19:37:38.486669Z,1236958511120,PROSP3.NUM_ISSUER.M.A6.Z.Z.Z.Z.Z.E.A6.Z.Z.Z.Z.Z.Z.Z,90,,,Z,P,A6,PB_PB
PROSP3_SEC,PROSP3.NUM_ISSUER.M.Y.Z.Z.Z.Z.Z.Z.Y.Z.Z.Z.Z.Z.Z.Z,2024-07,2025-05-11,,,2025-05-11T11:07:33.305826Z,936307393699,PROSP3.NUM_ISSUER.M.A6.Z.Z.Z.Z.Z.Z.A6.Z.Z.Z.Z.Z.Z.Z,309,,,Z,P,A6,PB_PB
PROSP3_SEC,PROSP3.NUM_ISSUER.M.Y.Z.Z.Z.Z.Z.Y.Y.Z.Z.Z.Z.Z.Z.Z,2021-07,2025-05-11,,,2025-05-11T19:37:38.486669Z,996440291277,PROSP3.NUM_ISSUER.M.A6.Z.Z.Z.Z.Z.D.A6.Z.Z.Z.Z.Z.Z.Z,167,,,Z,P,A6,PB_PB
PROSP3_SEC,PROSP3.NUM_ISSUER.M.Y.Z.Z.Z.Z.Z.Z.Y.Z.Z.Z.Z.Z.Z.Z,2023-09,2025-05-11,,,2025-05-11T11:07:33.305826Z,257706228461,PROSP3.NUM_ISSUER.M.A6.Z.Z.Z.Z.Z.Z.A6.Z.Z.Z.Z.Z.Z.Z,348,,,Z,P,A6,PB_PB
PROSP3_SEC,PROSP3.NUM_ISSUER.M.Y.Z.Z.Z.Z.Z.Y.Y.Z.Z.Z.Z.Z.Z.Z,2024-02,2025-05-11,,,2025-05-11T19:37:38.486669Z,678610980171,PROSP3.NUM_ISSUER.M.A6.Z.Z.Z.Z.Z.E.A6.Z.Z.Z.Z.Z.Z.Z,48,,,Z,P,A6,PB_PB
PROSP3_SEC,PROSP3.NUM_ISSUER.M.Y.Z.Z.Z.Z.Z.Z.Y.Z.Z.Z.Z.Z.Z.Z,2023-03,2025-05-11,,,2025-05-11T11:07:33.305826Z,661431497616,PROSP3.NUM_ISSUER.M.A6.Z.Z.Z.Z.Z.Z.ROW.Z.Z.Z.Z.Z.Z.Z,37,,,Z,P,A6,PB_PB
PROSP3_SEC,PROSP3.NUM_ISSUER.M.Y.Z.Z.Z.Z.Z.Z.Y.Z.Z.Z.Z.Z.Z.Z,2023-09,2025-05-11,,,2025-05-11T11:07:33.305826Z,257706228661,PROSP3.NUM_ISSUER.M.A6.Z.Z.Z.Z.Z.Z.ROW.Z.Z.Z.Z.Z.Z.Z,49,,,Z,P,A6,PB_PB
PROSP3_SEC,PROSP3.NUM_ISSUER.M.Y.Z.Z.Z.Z.Z.Y.Y.Z.Z.Z.Z.Z.Z.Z,2025-03,2025-05-11,,,2025-05-11T19:37:38.486669Z,927717725579,PROSP3.NUM_ISSUER.M.A6.Z.Z.Z.Z.Z.D.A6.Z.Z.Z.Z.Z.Z.Z,285,,,Z,P,A6,PB_PB
PROSP3_SEC,PROSP3.NUM_ISSUER.M.Y.Z.Z.Z.Z.Z.Y.Y.Z.Z.Z.Z.Z.Z.Z,2025-05,2025-05-11,,,2025-05-11T19:37:38.486669Z,377968049787,PROSP3.NUM_ISSUER.M.A6.Z.Z.Z.Z.Z.D.A6.Z.Z.Z.Z.Z.Z.Z,120,,,Z,P,A6,PB_PB
PROSP3_SEC,PROSP3.NUM_ISSUER.M.Y.Z.Z.Z.Z.Z.Z.Y.Z.Z.Z.Z.Z.Z.Z,2023-07,2025-05-11,,,2025-05-11T11:07:33.305826Z,1142469368931,PROSP3.NUM_ISSUER.M.A6.Z.Z.Z.Z.Z.Z.A6.Z.Z.Z.Z.Z.Z.Z,255,,,Z,P,A6,PB_PB
PROSP3_SEC,PROSP3.NUM_ISSUER.M.Y.Z.Z.Z.Z.Z.Y.Y.Z.Z.Z.Z.Z.Z.Z,2022-12,2025-05-11,,,2025-05-11T19:37:38.486669Z,206166870023,PROSP3.NUM_ISSUER.M.A6.Z.Z.Z.Z.Z.D.A6.Z.Z.Z.Z.Z.Z.Z,208,,,Z,P,A6,PB_PB
PROSP3_SEC,PROSP3.NUM_ISSUER.M.Y.Z.Z.Z.Z.Z.Y.Y.Z.Z.Z.Z.Z.Z.Z,2024-09,2025-05-11,,,2025-05-11T19:37:38.486669Z,369372030321,PROSP3.NUM_ISSUER.M.A6.Z.Z.Z.Z.Z.D.A6.Z.Z.Z.Z.Z.Z.Z,357,,,Z,P,A6,PB_PB
PROSP3_SEC,PROSP3.NUM_ISSUER.M.Y.Z.Z.Z.Z.Z.Z.Y.Z.Z.Z.Z.Z.Z.Z,2024-04,2025-05-11,,,2025-05-11T11:07:33.305826Z,274884330254,PROSP3.NUM_ISSUER.M.A6.Z.Z.Z.Z.Z.Z.ROW.Z.Z.Z.Z.Z.Z.Z,43,,,Z,P,A6,PB_PB
PROSP3_SEC,PROSP3.NUM_ISSUER.M.Y.Z.Z.Z.Z.Z.Z.Y.Z.Z.Z.Z.Z.Z.Z,2022-06,2025-05-11,,,2025-05-11T11:07:33.305826Z,343603479158,PROSP3.NUM_ISSUER.M.A6.Z.Z.Z.Z.Z.Z.ROW.Z.Z.Z.Z.Z.Z.Z,46,,,Z,P,A6,PB_PB
PROSP3_SEC,PROSP3.NUM_ISSUER.M.Y.Z.Z.Z.Z.Z.Z.Y.Z.Z.Z.Z.Z.Z.Z,2025-05,2025-05-11,,,2025-05-11T11:07:33.305826Z,841821040742,PROSP3.NUM_ISSUER.M.A6.Z.Z.Z.Z.Z.Z.A6.Z.Z.Z.Z.Z.Z.Z,137,,,Z,P,A6,PB_PB
PROSP3_SEC,PROSP3.NUM_ISSUER.M.Y.Z.Z.Z.Z.Z.Z.Y.Z.Z.Z.Z.Z.Z.Z,2022-12,2025-05-11,,,2025-05-11T11:07:33.305826Z,25777316120,PROSP3.NUM_ISSUER.M.A6.Z.Z.Z.Z.Z.Z.ROW.Z.Z.Z.Z.Z.Z.Z,35,,,Z,P,A6,PB_PB
PROSP3_SEC,PROSP3.NUM_ISSUER.M.Y.Z.Z.Z.Z.Z.Y.Y.Z.Z.Z.Z.Z.Z.Z,2025-05,2025-05-11,,,2025-05-11T19:37:38.486669Z,377968049782,PROSP3.NUM_ISSUER.M.A6.Z.Z.Z.Z.Z.E.A6.Z.Z.Z.Z.Z.Z.Z,15,,,Z,P,A6,PB_PB
PROSP3_SEC,PROSP3.NUM_ISSUER.M.Y.Z.Z.Z.Z.Z.Y.Y.Z.Z.Z.Z.Z.Z.Z,2024-01,2025-05-11,,,2025-05-11T19:37:38.486669Z,618483873270,PROSP3.NUM_ISSUER.M.A6.Z.Z.Z.Z.Z.E.A6.Z.Z.Z.Z.Z.Z.Z,57,,,Z,P,A6,PB_PB
PROSP3_SEC,PROSP3.NUM_ISSUER.M.Y.Z.Z.Z.Z.Z.Z.Y.Z.Z.Z.Z.Z.Z.Z,2021-08,2025-05-11,,,2025-05-11T11:07:33.305826Z,893361063065,PROSP3.NUM_ISSUER.M.A6.Z.Z.Z.Z.Z.Z.A6.Z.Z.Z.Z.Z.Z.Z,170,,,Z,P,A6,PB_PB
PROSP3_SEC,PROSP3.NUM_ISSUER.M.Y.Z.Z.Z.Z.Z.Z.Y.Z.Z.Z.Z.Z.Z.Z,2022-06,2025-05-11,,,2025-05-11T11:07:33.305826Z,343603479292,PROSP3.NUM_ISSUER.M.A6.Z.Z.Z.Z.Z.Z.A6.Z.Z.Z.Z.Z.Z.Z,342,,,Z,P,A6,PB_PB
PROSP3_SEC,PROSP3.NUM_ISSUER.M.Y.Z.Z.Z.Z.Z.Z.Y.Z.Z.Z.Z.Z.Z.Z,2022-07,2025-05-11,,,2025-05-11T11:07:33.305826Z,1245550121148,PROSP3.NUM_ISSUER.M.A6.Z.Z.Z.Z.Z.Z.ROW.Z.Z.Z.Z.Z.Z.Z,39,,,Z,P,A6,PB_PB
PROSP3_SEC,PROSP3.NUM_ISSUER.M.Y.Z.Z.Z.Z.Z.Y.Y.Z.Z.Z.Z.Z.Z.Z,2023-12,2025-05-11,,,2025-05-11T19:37:38.486669Z,128854152224,PROSP3.NUM_ISSUER.M.A6.Z.Z.Z.Z.Z.D.A6.Z.Z.Z.Z.Z.Z.Z,239,,,Z,P,A6,PB_PB
PROSP3_SEC,PROSP3.NUM_ISSUER.M.Y.Z.Z.Z.Z.Z.Z.Y.Z.Z.Z.Z.Z.Z.Z,2024-11,2025-05-11,,,2025-05-11T11:07:33.305826Z,42958802416,PROSP3.NUM_ISSUER.M.A6.Z.Z.Z.Z.Z.Z.ROW.Z.Z.Z.Z.Z.Z.Z,39,,,Z,P,A6,PB_PB
PROSP3_SEC,PROSP3.NUM_ISSUER.M.Y.Z.Z.Z.Z.Z.Y.Y.Z.Z.Z.Z.Z.Z.Z,2024-04,2025-05-11,,,2025-05-11T19:37:38.486669Z,25777186624,PROSP3.NUM_ISSUER.M.A6.Z.Z.Z.Z.Z.D.A6.Z.Z.Z.Z.Z.Z.Z,276,,,Z,P,A6,PB_PB
PROSP3_SEC,PROSP3.NUM_ISSUER.M.Y.Z.Z.Z.Z.Z.Z.Y.Z.Z.Z.Z.Z.Z.Z,2023-11,2025-05-11,,,2025-05-11T11:07:33.305826Z,146039921107,PROSP3.NUM_ISSUER.M.A6.Z.Z.Z.Z.Z.Z.A6.Z.Z.Z.Z.Z.Z.Z,356,,,Z,P,A6,PB_PB
PROSP3_SEC,PROSP3.NUM_ISSUER.M.Y.Z.Z.Z.Z.Z.Z.Y.Z.Z.Z.Z.Z.Z.Z,2023-06,2025-05-11,,,2025-05-11T11:07:33.305826Z,816053368695,PROSP3.NUM_ISSUER.M.A6.Z.Z.Z.Z.Z.Z.ROW.Z.Z.Z.Z.Z.Z.Z,43,,,Z,P,A6,PB_PB
PROSP3_SEC,PROSP3.NUM_ISSUER.M.Y.Z.Z.Z.Z.Z.Y.Y.Z.Z.Z.Z.Z.Z.Z,2025-03,2025-05-11,,,2025-05-11T19:37:38.486669Z,927717726585,PROSP3.NUM_ISSUER.M.A6.Z.Z.Z.Z.Z.E.A6.Z.Z.Z.Z.Z.Z.Z,41,,,Z,P,A6,PB_PB
PROSP3_SEC,PROSP3.NUM_ISSUER.M.Y.Z.Z.Z.Z.Z.Z.Y.Z.Z.Z.Z.Z.Z.Z,2022-08,2025-05-11,,,2025-05-11T11:07:33.305826Z,816053365633,PROSP3.NUM_ISSUER.M.A6.Z.Z.Z.Z.Z.Z.A6.Z.Z.Z.Z.Z.Z.Z,238,,,Z,P,A6,PB_PB
PROSP3_SEC,PROSP3.NUM_ISSUER.M.Y.Z.Z.Z.Z.Z.Y.Y.Z.Z.Z.Z.Z.Z.Z,2021-12,2025-05-11,,,2025-05-11T19:37:38.486669Z,197574343337,PROSP3.NUM_ISSUER.M.A6.Z.Z.Z.Z.Z.D.A6.Z.Z.Z.Z.Z.Z.Z,184,,,Z,P,A6,PB_PB
PROSP3_SEC,PROSP3.NUM_ISSUER.M.Y.Z.Z.Z.Z.Z.Y.Y.Z.Z.Z.Z.Z.Z.Z,2024-08,2025-05-11,,,2025-05-11T19:37:38.486669Z,901950217255,PROSP3.NUM_ISSUER.M.A6.Z.Z.Z.Z.Z.D.A6.Z.Z.Z.Z.Z.Z.Z,219,,,Z,P,A6,PB_PB
PROSP3_SEC,PROSP3.NUM_ISSUER.M.Y.Z.Z.Z.Z.Z.Y.Y.Z.Z.Z.Z.Z.Z.Z,2021-05,2025-05-11,,,2025-05-11T19:37:38.486669Z,137444704964,PROSP3.NUM_ISSUER.M.A6.Z.Z.Z.Z.Z.D.A6.Z.Z.Z.Z.Z.Z.Z,226,,,Z,P,A6,PB_PB
PROSP3_SEC,PROSP3.NUM_ISSUER.M.Y.Z.Z.Z.Z.Z.Z.Y.Z.Z.Z.Z.Z.Z.Z,2021-11,2025-05-11,,,2025-05-11T11:07:33.305826Z,429507702889,PROSP3.NUM_ISSUER.M.A6.Z.Z.Z.Z.Z.Z.A6.Z.Z.Z.Z.Z.Z.Z,331,,,Z,P,A6,PB_PB
PROSP3_SEC,PROSP3.NUM_ISSUER.M.Y.Z.Z.Z.Z.Z.Z.Y.Z.Z.Z.Z.Z.Z.Z,2024-09,2025-05-11,,,2025-05-11T11:07:33.305826Z,1279905198481,PROSP3.NUM_ISSUER.M.A6.Z.Z.Z.Z.Z.Z.ROW.Z.Z.Z.Z.Z.Z.Z,44,,,Z,P,A6,PB_PB
PROSP3_SEC,PROSP3.NUM_ISSUER.M.Y.Z.Z.Z.Z.Z.Y.Y.Z.Z.Z.Z.Z.Z.Z,2022-11,2025-05-11,,,2025-05-11T19:37:38.486669Z,154623399286,PROSP3.NUM_ISSUER.M.A6.Z.Z.Z.Z.Z.D.A6.Z.Z.Z.Z.Z.Z.Z,280,,,Z,P,A6,PB_PB
PROSP3_SEC,PROSP3.NUM_ISSUER.M.Y.Z.Z.Z.Z.Z.Z.Y.Z.Z.Z.Z.Z.Z.Z,2022-02,2025-05-11,,,2025-05-11T11:07:33.305826Z,1022212125293,PROSP3.NUM_ISSUER.M.A6.Z.Z.Z.Z.Z.Z.A6.Z.Z.Z.Z.Z.Z.Z,270,,,Z,P,A6,PB_PB
PROSP3_SEC,PROSP3.NUM_ISSUER.M.Y.Z.Z.Z.Z.Z.Z.Y.Z.Z.Z.Z.Z.Z.Z,2024-12,2025-05-11,,,2025-05-11T11:07:33.305826Z,1142469372989,PROSP3.NUM_ISSUER.M.A6.Z.Z.Z.Z.Z.Z.ROW.Z.Z.Z.Z.Z.Z.Z,42,,,Z,P,A6,PB_PB
PROSP3_SEC,PROSP3.NUM_ISSUER.M.Y.Z.Z.Z.Z.Z.Y.Y.Z.Z.Z.Z.Z.Z.Z,2022-09,2025-05-11,,,2025-05-11T19:37:38.486669Z,1340037194999,PROSP3.NUM_ISSUER.M.A6.Z.Z.Z.Z.Z.D.A6.Z.Z.Z.Z.Z.Z.Z,281,,,Z,P,A6,PB_PB
PROSP3_SEC,PROSP3.NUM_ISSUER.M.Y.Z.Z.Z.Z.Z.Y.Y.Z.Z.Z.Z.Z.Z.Z,2024-10,2025-05-11,,,2025-05-11T19:37:38.486669Z,1168238584565,PROSP3.NUM_ISSUER.M.A6.Z.Z.Z.Z.Z.D.A6.Z.Z.Z.Z.Z.Z.Z,333,,,Z,P,A6,PB_PB
PROSP3_SEC,PROSP3.NUM_ISSUER.M.Y.Z.Z.Z.Z.Z.Y.Y.Z.Z.Z.Z.Z.Z.Z,2024-04,2025-05-11,,,2025-05-11T19:37:38.486669Z,25777185508,PROSP3.NUM_ISSUER.M.A6.Z.Z.Z.Z.Z.E.A6.Z.Z.Z.Z.Z.Z.Z,47,,,Z,P,A6,PB_PB
PROSP3_SEC,PROSP3.NUM_ISSUER.M.Y.Z.Z.Z.Z.Z.Z.Y.Z.Z.Z.Z.Z.Z.Z,2023-12,2025-05-11,,,2025-05-11T11:07:33.305826Z,446681166873,PROSP3.NUM_ISSUER.M.A6.Z.Z.Z.Z.Z.Z.ROW.Z.Z.Z.Z.Z.Z.Z,32,,,Z,P,A6,PB_PB
